[
{
  "model": "contenttypes.contenttype",
  "pk": 1,
  "fields": {
    "app_label": "auth",
    "model": "permission"
  }
},
{
  "model": "contenttypes.contenttype",
  "pk": 2,
  "fields": {
    "app_label": "auth",
    "model": "group"
  }
},
{
  "model": "contenttypes.contenttype",
  "pk": 3,
  "fields": {
    "app_label": "email_auth",
    "model": "user"
  }
},
{
  "model": "contenttypes.contenttype",
  "pk": 4,
  "fields": {
    "app_label": "contenttypes",
    "model": "contenttype"
  }
},
{
  "model": "contenttypes.contenttype",
  "pk": 5,
  "fields": {
    "app_label": "sessions",
    "model": "session"
  }
},
{
  "model": "contenttypes.contenttype",
  "pk": 6,
  "fields": {
    "app_label": "sites",
    "model": "site"
  }
},
{
  "model": "contenttypes.contenttype",
  "pk": 7,
  "fields": {
    "app_label": "admin",
    "model": "logentry"
  }
},
{
  "model": "contenttypes.contenttype",
  "pk": 8,
  "fields": {
    "app_label": "authtoken",
    "model": "token"
  }
},
{
  "model": "contenttypes.contenttype",
  "pk": 9,
  "fields": {
    "app_label": "filer",
    "model": "folder"
  }
},
{
  "model": "contenttypes.contenttype",
  "pk": 10,
  "fields": {
    "app_label": "filer",
    "model": "folderpermission"
  }
},
{
  "model": "contenttypes.contenttype",
  "pk": 11,
  "fields": {
    "app_label": "filer",
    "model": "file"
  }
},
{
  "model": "contenttypes.contenttype",
  "pk": 12,
  "fields": {
    "app_label": "filer",
    "model": "clipboard"
  }
},
{
  "model": "contenttypes.contenttype",
  "pk": 13,
  "fields": {
    "app_label": "filer",
    "model": "clipboarditem"
  }
},
{
  "model": "contenttypes.contenttype",
  "pk": 14,
  "fields": {
    "app_label": "filer",
    "model": "image"
  }
},
{
  "model": "contenttypes.contenttype",
  "pk": 15,
  "fields": {
    "app_label": "filer",
    "model": "thumbnailoption"
  }
},
{
  "model": "contenttypes.contenttype",
  "pk": 16,
  "fields": {
    "app_label": "easy_thumbnails",
    "model": "source"
  }
},
{
  "model": "contenttypes.contenttype",
  "pk": 17,
  "fields": {
    "app_label": "easy_thumbnails",
    "model": "thumbnail"
  }
},
{
  "model": "contenttypes.contenttype",
  "pk": 18,
  "fields": {
    "app_label": "easy_thumbnails",
    "model": "thumbnaildimensions"
  }
},
{
  "model": "contenttypes.contenttype",
  "pk": 20,
  "fields": {
    "app_label": "edw",
    "model": "customerproxy"
  }
},
{
  "model": "contenttypes.contenttype",
  "pk": 21,
  "fields": {
    "app_label": "post_office",
    "model": "email"
  }
},
{
  "model": "contenttypes.contenttype",
  "pk": 22,
  "fields": {
    "app_label": "post_office",
    "model": "log"
  }
},
{
  "model": "contenttypes.contenttype",
  "pk": 23,
  "fields": {
    "app_label": "post_office",
    "model": "emailtemplate"
  }
},
{
  "model": "contenttypes.contenttype",
  "pk": 24,
  "fields": {
    "app_label": "post_office",
    "model": "attachment"
  }
},
{
  "model": "contenttypes.contenttype",
  "pk": 41,
  "fields": {
    "app_label": "edw",
    "model": "customer"
  }
},
{
  "model": "contenttypes.contenttype",
  "pk": 42,
  "fields": {
    "app_label": "edw",
    "model": "term"
  }
},
{
  "model": "contenttypes.contenttype",
  "pk": 43,
  "fields": {
    "app_label": "edw",
    "model": "book"
  }
},
{
  "model": "contenttypes.contenttype",
  "pk": 44,
  "fields": {
    "app_label": "edw",
    "model": "childbook"
  }
},
{
  "model": "contenttypes.contenttype",
  "pk": 45,
  "fields": {
    "app_label": "edw",
    "model": "adultbook"
  }
},
{
  "model": "contenttypes.contenttype",
  "pk": 46,
  "fields": {
    "app_label": "sample",
    "model": "booktranslation"
  }
},
{
  "model": "contenttypes.contenttype",
  "pk": 48,
  "fields": {
    "app_label": "edw",
    "model": "datamart"
  }
},
{
  "model": "contenttypes.contenttype",
  "pk": 50,
  "fields": {
    "app_label": "edw",
    "model": "additionalentitycharacteristicormark"
  }
},
{
  "model": "sites.site",
  "pk": 1,
  "fields": {
    "domain": "d.excentrics.ru:8877",
    "name": "example.com"
  }
},
{
  "model": "filer.thumbnailoption",
  "pk": 1,
  "fields": {
    "name": "200x300",
    "width": 300,
    "height": 200,
    "crop": true,
    "upscale": false
  }
},
{
  "model": "easy_thumbnails.source",
  "pk": 1,
  "fields": {
    "storage_hash": "f9bde26a1556cd667f742bd34ec7c55e",
    "name": "filer_public/9a/ff/9aff4ad6-7bb9-4ab9-934a-d426853f921f/2.png",
    "modified": "2016-06-28T11:17:46Z"
  }
},
{
  "model": "easy_thumbnails.thumbnail",
  "pk": 1,
  "fields": {
    "storage_hash": "f9bde26a1556cd667f742bd34ec7c55e",
    "name": "filer_public_thumbnails/filer_public/9a/ff/9aff4ad6-7bb9-4ab9-934a-d426853f921f/2.png__128x128_q85_crop_subsampling-2_upscale.png",
    "modified": "2016-06-28T11:16:26Z",
    "source": 1
  }
},
{
  "model": "easy_thumbnails.thumbnail",
  "pk": 2,
  "fields": {
    "storage_hash": "f9bde26a1556cd667f742bd34ec7c55e",
    "name": "filer_public_thumbnails/filer_public/9a/ff/9aff4ad6-7bb9-4ab9-934a-d426853f921f/2.png__32x32_q85_crop_subsampling-2_upscale.png",
    "modified": "2016-06-28T11:16:27Z",
    "source": 1
  }
},
{
  "model": "easy_thumbnails.thumbnail",
  "pk": 3,
  "fields": {
    "storage_hash": "f9bde26a1556cd667f742bd34ec7c55e",
    "name": "filer_public_thumbnails/filer_public/9a/ff/9aff4ad6-7bb9-4ab9-934a-d426853f921f/2.png__80x80_q85_crop_subsampling-2_upscale.png",
    "modified": "2016-06-28T11:16:27Z",
    "source": 1
  }
},
{
  "model": "easy_thumbnails.thumbnail",
  "pk": 4,
  "fields": {
    "storage_hash": "f9bde26a1556cd667f742bd34ec7c55e",
    "name": "filer_public_thumbnails/filer_public/9a/ff/9aff4ad6-7bb9-4ab9-934a-d426853f921f/2.png__48x48_q85_crop_subsampling-2_upscale.png",
    "modified": "2016-06-28T11:16:27Z",
    "source": 1
  }
},
{
  "model": "easy_thumbnails.thumbnail",
  "pk": 5,
  "fields": {
    "storage_hash": "f9bde26a1556cd667f742bd34ec7c55e",
    "name": "filer_public_thumbnails/filer_public/9a/ff/9aff4ad6-7bb9-4ab9-934a-d426853f921f/2.png__16x16_q85_crop_subsampling-2_upscale.png",
    "modified": "2016-06-28T11:16:27Z",
    "source": 1
  }
},
{
  "model": "easy_thumbnails.thumbnail",
  "pk": 6,
  "fields": {
    "storage_hash": "f9bde26a1556cd667f742bd34ec7c55e",
    "name": "filer_public_thumbnails/filer_public/9a/ff/9aff4ad6-7bb9-4ab9-934a-d426853f921f/2.png__180x180_q85_crop_subsampling-2_upscale.png",
    "modified": "2016-06-28T11:16:27Z",
    "source": 1
  }
},
{
  "model": "easy_thumbnails.thumbnail",
  "pk": 7,
  "fields": {
    "storage_hash": "f9bde26a1556cd667f742bd34ec7c55e",
    "name": "filer_public_thumbnails/filer_public/9a/ff/9aff4ad6-7bb9-4ab9-934a-d426853f921f/2.png__210x10000_q85_subsampling-2_upscale.png",
    "modified": "2016-06-28T11:17:46Z",
    "source": 1
  }
},
{
  "model": "edw.term",
  "pk": 1,
  "fields": {
    "parent": null,
    "name": "Term1 Term1 Term1 Term1 Term1 Term1 Term1 Term1 Term1 Term1 Term1 Term1 Term1 Term1 Term1 Term1 Term1 Term1 Term1 Term1 Term1 Term1 Term1",
    "slug": "term1",
    "path": "term1",
    "semantic_rule": 20,
    "attributes": "0",
    "specification_mode": 30,
    "created_at": "2016-07-21T16:37:28.373Z",
    "updated_at": "2016-08-19T09:23:33.954Z",
    "view_class": "class1 class2 class3 class4",
    "description": "",
    "active": true,
    "system_flags": "1",
    "lft": 1,
    "rght": 4,
    "tree_id": 2,
    "level": 0
  }
},
{
  "model": "edw.term",
  "pk": 2,
  "fields": {
    "parent": null,
    "name": "\u0422\u0435\u0440\u043c \u21162",
    "slug": "term22",
    "path": "term22",
    "semantic_rule": 10,
    "attributes": "3",
    "specification_mode": 20,
    "created_at": "2016-07-21T16:37:37.153Z",
    "updated_at": "2016-08-30T17:09:42.027Z",
    "view_class": "class1 class2 class3 class4",
    "description": "",
    "active": true,
    "system_flags": "0",
    "lft": 1,
    "rght": 8,
    "tree_id": 4,
    "level": 0
  }
},
{
  "model": "edw.term",
  "pk": 3,
  "fields": {
    "parent": 11,
    "name": "Term3",
    "slug": "term3",
    "path": "terrm9/term3",
    "semantic_rule": 10,
    "attributes": "0",
    "specification_mode": 10,
    "created_at": "2016-07-21T16:37:45.934Z",
    "updated_at": "2016-08-16T21:08:43.497Z",
    "view_class": null,
    "description": "",
    "active": false,
    "system_flags": "0",
    "lft": 6,
    "rght": 7,
    "tree_id": 12,
    "level": 3
  }
},
{
  "model": "edw.term",
  "pk": 4,
  "fields": {
    "parent": 2,
    "name": "Term2_1",
    "slug": "term2_1",
    "path": "term1/term2/term2_1",
    "semantic_rule": 30,
    "attributes": "2",
    "specification_mode": 10,
    "created_at": "2016-07-25T15:15:06.581Z",
    "updated_at": "2016-08-03T08:03:14.495Z",
    "view_class": null,
    "description": "",
    "active": true,
    "system_flags": "0",
    "lft": 6,
    "rght": 7,
    "tree_id": 4,
    "level": 1
  }
},
{
  "model": "edw.term",
  "pk": 5,
  "fields": {
    "parent": 2,
    "name": "Term2_2",
    "slug": "term2_2",
    "path": "term22/term2_2",
    "semantic_rule": 30,
    "attributes": "6",
    "specification_mode": 30,
    "created_at": "2016-07-25T15:15:23.010Z",
    "updated_at": "2016-08-30T17:09:06.808Z",
    "view_class": null,
    "description": "",
    "active": true,
    "system_flags": "0",
    "lft": 2,
    "rght": 5,
    "tree_id": 4,
    "level": 1
  }
},
{
  "model": "edw.term",
  "pk": 6,
  "fields": {
    "parent": 5,
    "name": "Term2_2_1",
    "slug": "term2_2_1",
    "path": "term1/term2/term2_2/term2_2_1",
    "semantic_rule": 30,
    "attributes": "0",
    "specification_mode": 10,
    "created_at": "2016-07-28T08:57:32.663Z",
    "updated_at": "2016-07-28T08:57:32.663Z",
    "view_class": null,
    "description": "",
    "active": true,
    "system_flags": "0",
    "lft": 3,
    "rght": 4,
    "tree_id": 4,
    "level": 2
  }
},
{
  "model": "edw.term",
  "pk": 7,
  "fields": {
    "parent": 1,
    "name": "Term1-1",
    "slug": "term1-1",
    "path": "term1/term1-1",
    "semantic_rule": 30,
    "attributes": "1",
    "specification_mode": 10,
    "created_at": "2016-07-31T13:08:12.547Z",
    "updated_at": "2016-08-07T11:54:11.338Z",
    "view_class": null,
    "description": "",
    "active": true,
    "system_flags": "0",
    "lft": 2,
    "rght": 3,
    "tree_id": 2,
    "level": 1
  }
},
{
  "model": "edw.term",
  "pk": 8,
  "fields": {
    "parent": null,
    "name": "test4",
    "slug": "test4",
    "path": "test4",
    "semantic_rule": 10,
    "attributes": "7",
    "specification_mode": 10,
    "created_at": "2016-08-15T20:07:13.723Z",
    "updated_at": "2016-08-28T08:28:04.161Z",
    "view_class": null,
    "description": "",
    "active": true,
    "system_flags": "0",
    "lft": 1,
    "rght": 2,
    "tree_id": 5,
    "level": 0
  }
},
{
  "model": "edw.term",
  "pk": 9,
  "fields": {
    "parent": 11,
    "name": "test5",
    "slug": "test5",
    "path": "test5",
    "semantic_rule": 10,
    "attributes": "0",
    "specification_mode": 10,
    "created_at": "2016-08-15T20:07:23.308Z",
    "updated_at": "2016-08-15T23:26:52.276Z",
    "view_class": null,
    "description": "",
    "active": false,
    "system_flags": "0",
    "lft": 4,
    "rght": 5,
    "tree_id": 12,
    "level": 3
  }
},
{
  "model": "edw.term",
  "pk": 10,
  "fields": {
    "parent": 12,
    "name": "test6",
    "slug": "test6",
    "path": "terrm9/test6",
    "semantic_rule": 30,
    "attributes": "0",
    "specification_mode": 10,
    "created_at": "2016-08-15T20:07:31.628Z",
    "updated_at": "2016-08-19T13:58:41.588Z",
    "view_class": null,
    "description": "",
    "active": true,
    "system_flags": "0",
    "lft": 2,
    "rght": 9,
    "tree_id": 12,
    "level": 1
  }
},
{
  "model": "edw.term",
  "pk": 11,
  "fields": {
    "parent": 10,
    "name": "test7",
    "slug": "test7",
    "path": "test5/test7",
    "semantic_rule": 10,
    "attributes": "0",
    "specification_mode": 10,
    "created_at": "2016-08-15T20:07:42.133Z",
    "updated_at": "2016-08-15T23:27:23.283Z",
    "view_class": null,
    "description": "",
    "active": true,
    "system_flags": "0",
    "lft": 3,
    "rght": 8,
    "tree_id": 12,
    "level": 2
  }
},
{
  "model": "edw.term",
  "pk": 12,
  "fields": {
    "parent": null,
    "name": "terrm9",
    "slug": "terrm9",
    "path": "terrm9",
    "semantic_rule": 20,
    "attributes": "0",
    "specification_mode": 10,
    "created_at": "2016-08-15T21:27:39.079Z",
    "updated_at": "2016-08-19T13:58:19.183Z",
    "view_class": null,
    "description": "",
    "active": true,
    "system_flags": "0",
    "lft": 1,
    "rght": 10,
    "tree_id": 12,
    "level": 0
  }
},
{
  "model": "edw.datamart",
  "pk": 1,
  "fields": {
    "polymorphic_ctype": [
      "edw",
      "datamart"
    ],
    "parent": null,
    "name": "Collection 1",
    "slug": "collection-1",
    "path": "collection-1",
    "created_at": "2016-07-22T15:57:36.807Z",
    "updated_at": "2016-08-18T16:18:54.864Z",
    "view_class": "class1",
    "description": "",
    "active": true,
    "system_flags": "0",
    "lft": 1,
    "rght": 10,
    "tree_id": 1,
    "level": 0,
    "terms": [
      5,
      3
    ]
  }
},
{
  "model": "edw.datamart",
  "pk": 2,
  "fields": {
    "polymorphic_ctype": [
      "edw",
      "datamart"
    ],
    "parent": 1,
    "name": "Collection 2",
    "slug": "collection-2",
    "path": "collection-1/collection-2",
    "created_at": "2016-07-22T15:57:43.442Z",
    "updated_at": "2016-08-02T13:47:38.498Z",
    "view_class": null,
    "description": "\u0422\u0435\u0441\u0442\u043e\u0432\u043e\u0435 \u043e\u043f\u0438\u0441\u0430\u043d\u0438\u0435...",
    "active": true,
    "system_flags": "0",
    "lft": 2,
    "rght": 5,
    "tree_id": 1,
    "level": 1,
    "terms": [
      2
    ]
  }
},
{
  "model": "edw.datamart",
  "pk": 3,
  "fields": {
    "polymorphic_ctype": [
      "edw",
      "datamart"
    ],
    "parent": null,
    "name": "Collection 3",
    "slug": "collection-3",
    "path": "collection-3",
    "created_at": "2016-07-22T15:57:51.522Z",
    "updated_at": "2016-08-17T08:43:00.507Z",
    "view_class": null,
    "description": "",
    "active": false,
    "system_flags": "15",
    "lft": 1,
    "rght": 2,
    "tree_id": 2,
    "level": 0,
    "terms": [
      1,
      10,
      11,
      9,
      3
    ]
  }
},
{
  "model": "edw.datamart",
  "pk": 4,
  "fields": {
    "polymorphic_ctype": [
      "edw",
      "datamart"
    ],
    "parent": 1,
    "name": "Co4",
    "slug": "co4",
    "path": "collection-1/collection-2/co4",
    "created_at": "2016-07-25T12:21:22.586Z",
    "updated_at": "2016-08-16T13:22:56.274Z",
    "view_class": null,
    "description": "",
    "active": true,
    "system_flags": "0",
    "lft": 6,
    "rght": 9,
    "tree_id": 1,
    "level": 1,
    "terms": []
  }
},
{
  "model": "edw.datamart",
  "pk": 6,
  "fields": {
    "polymorphic_ctype": [
      "edw",
      "datamart"
    ],
    "parent": 4,
    "name": "Co5",
    "slug": "co5",
    "path": "collection-1/collection-2/co4/co5",
    "created_at": "2016-07-25T16:55:28.492Z",
    "updated_at": "2016-08-02T13:48:31.402Z",
    "view_class": null,
    "description": "",
    "active": true,
    "system_flags": "0",
    "lft": 7,
    "rght": 8,
    "tree_id": 1,
    "level": 2,
    "terms": []
  }
},
{
  "model": "edw.datamart",
  "pk": 7,
  "fields": {
    "polymorphic_ctype": [
      "edw",
      "datamart"
    ],
    "parent": 2,
    "name": "Collection 2",
    "slug": "collection-2",
    "path": "collection-1/collection-2/collection-2",
    "created_at": "2016-08-02T13:47:11.535Z",
    "updated_at": "2016-08-18T17:07:35.703Z",
    "view_class": "class1 class2 class3",
    "description": "\u0422\u0435\u0441\u0442\u043e\u0432\u043e\u0435 \u043e\u043f\u0438\u0441\u0430\u043d\u0438\u0435",
    "active": false,
    "system_flags": "0",
    "lft": 3,
    "rght": 4,
    "tree_id": 1,
    "level": 2,
    "terms": [
      6,
      4
    ]
  }
},
{
  "model": "edw.additionalentitycharacteristicormark",
  "pk": 1,
  "fields": {
    "value": "additional value",
    "view_class": "clazz33",
    "term": 8,
    "entity": 2
  }
},
{
  "model": "edw.additionalentitycharacteristicormark",
  "pk": 2,
  "fields": {
    "value": "additional val2",
    "view_class": "clazz1",
    "term": 2,
    "entity": 3
  }
},
{
  "model": "edw.book",
  "pk": 1,
  "fields": {
    "polymorphic_ctype": [
      "edw",
      "childbook"
    ],
    "created_at": "2016-07-21T16:36:50.283Z",
    "updated_at": "2016-08-28T10:08:36.832Z",
    "active": true,
    "name": "Book1",
    "slug": "book1",
    "description": "",
    "order": 1,
    "terms": [
      2,
      6,
      12
    ]
  }
},
{
  "model": "edw.book",
  "pk": 2,
  "fields": {
    "polymorphic_ctype": [
      "edw",
      "adultbook"
    ],
    "created_at": "2016-07-21T16:37:09.975Z",
    "updated_at": "2016-08-28T08:49:58.055Z",
    "active": true,
    "name": "Hastler1",
    "slug": "hastler1",
    "description": "",
    "order": 1,
    "terms": [
      5,
      4,
      8
    ]
  }
},
{
  "model": "edw.book",
  "pk": 3,
  "fields": {
    "polymorphic_ctype": [
      "edw",
      "childbook"
    ],
    "created_at": "2016-08-26T19:51:51.936Z",
    "updated_at": "2016-08-28T08:28:57.082Z",
    "active": true,
    "name": "\u041c\u0443\u043c\u0443",
    "slug": "mumu",
    "description": "",
    "order": 2,
    "terms": [
      7,
      11
    ]
  }
},
{
  "model": "edw.childbook",
  "pk": 1,
  "fields": {
    "age": 1,
    "terms": [
      2,
      6,
      12
    ]
  }
},
{
  "model": "edw.childbook",
  "pk": 3,
  "fields": {
    "age": 1,
    "terms": [
      7,
      11
    ]
  }
},
{
  "model": "edw.adultbook",
  "pk": 2,
  "fields": {
    "genre": 1,
    "terms": [
      5,
      4,
      8
    ]
  }
},
{
  "model": "auth.permission",
  "pk": 1,
  "fields": {
    "name": "Can add permission",
    "content_type": [
      "auth",
      "permission"
    ],
    "codename": "add_permission"
  }
},
{
  "model": "auth.permission",
  "pk": 2,
  "fields": {
    "name": "Can change permission",
    "content_type": [
      "auth",
      "permission"
    ],
    "codename": "change_permission"
  }
},
{
  "model": "auth.permission",
  "pk": 3,
  "fields": {
    "name": "Can delete permission",
    "content_type": [
      "auth",
      "permission"
    ],
    "codename": "delete_permission"
  }
},
{
  "model": "auth.permission",
  "pk": 4,
  "fields": {
    "name": "Can add group",
    "content_type": [
      "auth",
      "group"
    ],
    "codename": "add_group"
  }
},
{
  "model": "auth.permission",
  "pk": 5,
  "fields": {
    "name": "Can change group",
    "content_type": [
      "auth",
      "group"
    ],
    "codename": "change_group"
  }
},
{
  "model": "auth.permission",
  "pk": 6,
  "fields": {
    "name": "Can delete group",
    "content_type": [
      "auth",
      "group"
    ],
    "codename": "delete_group"
  }
},
{
  "model": "auth.permission",
  "pk": 7,
  "fields": {
    "name": "Can add Customer",
    "content_type": [
      "email_auth",
      "user"
    ],
    "codename": "add_user"
  }
},
{
  "model": "auth.permission",
  "pk": 8,
  "fields": {
    "name": "Can change Customer",
    "content_type": [
      "email_auth",
      "user"
    ],
    "codename": "change_user"
  }
},
{
  "model": "auth.permission",
  "pk": 9,
  "fields": {
    "name": "Can delete Customer",
    "content_type": [
      "email_auth",
      "user"
    ],
    "codename": "delete_user"
  }
},
{
  "model": "auth.permission",
  "pk": 10,
  "fields": {
    "name": "Can add content type",
    "content_type": [
      "contenttypes",
      "contenttype"
    ],
    "codename": "add_contenttype"
  }
},
{
  "model": "auth.permission",
  "pk": 11,
  "fields": {
    "name": "Can change content type",
    "content_type": [
      "contenttypes",
      "contenttype"
    ],
    "codename": "change_contenttype"
  }
},
{
  "model": "auth.permission",
  "pk": 12,
  "fields": {
    "name": "Can delete content type",
    "content_type": [
      "contenttypes",
      "contenttype"
    ],
    "codename": "delete_contenttype"
  }
},
{
  "model": "auth.permission",
  "pk": 13,
  "fields": {
    "name": "Can add session",
    "content_type": [
      "sessions",
      "session"
    ],
    "codename": "add_session"
  }
},
{
  "model": "auth.permission",
  "pk": 14,
  "fields": {
    "name": "Can change session",
    "content_type": [
      "sessions",
      "session"
    ],
    "codename": "change_session"
  }
},
{
  "model": "auth.permission",
  "pk": 15,
  "fields": {
    "name": "Can delete session",
    "content_type": [
      "sessions",
      "session"
    ],
    "codename": "delete_session"
  }
},
{
  "model": "auth.permission",
  "pk": 16,
  "fields": {
    "name": "Can add site",
    "content_type": [
      "sites",
      "site"
    ],
    "codename": "add_site"
  }
},
{
  "model": "auth.permission",
  "pk": 17,
  "fields": {
    "name": "Can change site",
    "content_type": [
      "sites",
      "site"
    ],
    "codename": "change_site"
  }
},
{
  "model": "auth.permission",
  "pk": 18,
  "fields": {
    "name": "Can delete site",
    "content_type": [
      "sites",
      "site"
    ],
    "codename": "delete_site"
  }
},
{
  "model": "auth.permission",
  "pk": 19,
  "fields": {
    "name": "Can add log entry",
    "content_type": [
      "admin",
      "logentry"
    ],
    "codename": "add_logentry"
  }
},
{
  "model": "auth.permission",
  "pk": 20,
  "fields": {
    "name": "Can change log entry",
    "content_type": [
      "admin",
      "logentry"
    ],
    "codename": "change_logentry"
  }
},
{
  "model": "auth.permission",
  "pk": 21,
  "fields": {
    "name": "Can delete log entry",
    "content_type": [
      "admin",
      "logentry"
    ],
    "codename": "delete_logentry"
  }
},
{
  "model": "auth.permission",
  "pk": 22,
  "fields": {
    "name": "Can add token",
    "content_type": [
      "authtoken",
      "token"
    ],
    "codename": "add_token"
  }
},
{
  "model": "auth.permission",
  "pk": 23,
  "fields": {
    "name": "Can change token",
    "content_type": [
      "authtoken",
      "token"
    ],
    "codename": "change_token"
  }
},
{
  "model": "auth.permission",
  "pk": 24,
  "fields": {
    "name": "Can delete token",
    "content_type": [
      "authtoken",
      "token"
    ],
    "codename": "delete_token"
  }
},
{
  "model": "auth.permission",
  "pk": 25,
  "fields": {
    "name": "Can add Folder",
    "content_type": [
      "filer",
      "folder"
    ],
    "codename": "add_folder"
  }
},
{
  "model": "auth.permission",
  "pk": 26,
  "fields": {
    "name": "Can change Folder",
    "content_type": [
      "filer",
      "folder"
    ],
    "codename": "change_folder"
  }
},
{
  "model": "auth.permission",
  "pk": 27,
  "fields": {
    "name": "Can delete Folder",
    "content_type": [
      "filer",
      "folder"
    ],
    "codename": "delete_folder"
  }
},
{
  "model": "auth.permission",
  "pk": 28,
  "fields": {
    "name": "Can use directory listing",
    "content_type": [
      "filer",
      "folder"
    ],
    "codename": "can_use_directory_listing"
  }
},
{
  "model": "auth.permission",
  "pk": 29,
  "fields": {
    "name": "Can add folder permission",
    "content_type": [
      "filer",
      "folderpermission"
    ],
    "codename": "add_folderpermission"
  }
},
{
  "model": "auth.permission",
  "pk": 30,
  "fields": {
    "name": "Can change folder permission",
    "content_type": [
      "filer",
      "folderpermission"
    ],
    "codename": "change_folderpermission"
  }
},
{
  "model": "auth.permission",
  "pk": 31,
  "fields": {
    "name": "Can delete folder permission",
    "content_type": [
      "filer",
      "folderpermission"
    ],
    "codename": "delete_folderpermission"
  }
},
{
  "model": "auth.permission",
  "pk": 32,
  "fields": {
    "name": "Can add file",
    "content_type": [
      "filer",
      "file"
    ],
    "codename": "add_file"
  }
},
{
  "model": "auth.permission",
  "pk": 33,
  "fields": {
    "name": "Can change file",
    "content_type": [
      "filer",
      "file"
    ],
    "codename": "change_file"
  }
},
{
  "model": "auth.permission",
  "pk": 34,
  "fields": {
    "name": "Can delete file",
    "content_type": [
      "filer",
      "file"
    ],
    "codename": "delete_file"
  }
},
{
  "model": "auth.permission",
  "pk": 35,
  "fields": {
    "name": "Can add clipboard",
    "content_type": [
      "filer",
      "clipboard"
    ],
    "codename": "add_clipboard"
  }
},
{
  "model": "auth.permission",
  "pk": 36,
  "fields": {
    "name": "Can change clipboard",
    "content_type": [
      "filer",
      "clipboard"
    ],
    "codename": "change_clipboard"
  }
},
{
  "model": "auth.permission",
  "pk": 37,
  "fields": {
    "name": "Can delete clipboard",
    "content_type": [
      "filer",
      "clipboard"
    ],
    "codename": "delete_clipboard"
  }
},
{
  "model": "auth.permission",
  "pk": 38,
  "fields": {
    "name": "Can add clipboard item",
    "content_type": [
      "filer",
      "clipboarditem"
    ],
    "codename": "add_clipboarditem"
  }
},
{
  "model": "auth.permission",
  "pk": 39,
  "fields": {
    "name": "Can change clipboard item",
    "content_type": [
      "filer",
      "clipboarditem"
    ],
    "codename": "change_clipboarditem"
  }
},
{
  "model": "auth.permission",
  "pk": 40,
  "fields": {
    "name": "Can delete clipboard item",
    "content_type": [
      "filer",
      "clipboarditem"
    ],
    "codename": "delete_clipboarditem"
  }
},
{
  "model": "auth.permission",
  "pk": 41,
  "fields": {
    "name": "Can add image",
    "content_type": [
      "filer",
      "image"
    ],
    "codename": "add_image"
  }
},
{
  "model": "auth.permission",
  "pk": 42,
  "fields": {
    "name": "Can change image",
    "content_type": [
      "filer",
      "image"
    ],
    "codename": "change_image"
  }
},
{
  "model": "auth.permission",
  "pk": 43,
  "fields": {
    "name": "Can delete image",
    "content_type": [
      "filer",
      "image"
    ],
    "codename": "delete_image"
  }
},
{
  "model": "auth.permission",
  "pk": 44,
  "fields": {
    "name": "Can add thumbnail option",
    "content_type": [
      "filer",
      "thumbnailoption"
    ],
    "codename": "add_thumbnailoption"
  }
},
{
  "model": "auth.permission",
  "pk": 45,
  "fields": {
    "name": "Can change thumbnail option",
    "content_type": [
      "filer",
      "thumbnailoption"
    ],
    "codename": "change_thumbnailoption"
  }
},
{
  "model": "auth.permission",
  "pk": 46,
  "fields": {
    "name": "Can delete thumbnail option",
    "content_type": [
      "filer",
      "thumbnailoption"
    ],
    "codename": "delete_thumbnailoption"
  }
},
{
  "model": "auth.permission",
  "pk": 47,
  "fields": {
    "name": "Can add source",
    "content_type": [
      "easy_thumbnails",
      "source"
    ],
    "codename": "add_source"
  }
},
{
  "model": "auth.permission",
  "pk": 48,
  "fields": {
    "name": "Can change source",
    "content_type": [
      "easy_thumbnails",
      "source"
    ],
    "codename": "change_source"
  }
},
{
  "model": "auth.permission",
  "pk": 49,
  "fields": {
    "name": "Can delete source",
    "content_type": [
      "easy_thumbnails",
      "source"
    ],
    "codename": "delete_source"
  }
},
{
  "model": "auth.permission",
  "pk": 50,
  "fields": {
    "name": "Can add thumbnail",
    "content_type": [
      "easy_thumbnails",
      "thumbnail"
    ],
    "codename": "add_thumbnail"
  }
},
{
  "model": "auth.permission",
  "pk": 51,
  "fields": {
    "name": "Can change thumbnail",
    "content_type": [
      "easy_thumbnails",
      "thumbnail"
    ],
    "codename": "change_thumbnail"
  }
},
{
  "model": "auth.permission",
  "pk": 52,
  "fields": {
    "name": "Can delete thumbnail",
    "content_type": [
      "easy_thumbnails",
      "thumbnail"
    ],
    "codename": "delete_thumbnail"
  }
},
{
  "model": "auth.permission",
  "pk": 53,
  "fields": {
    "name": "Can add thumbnail dimensions",
    "content_type": [
      "easy_thumbnails",
      "thumbnaildimensions"
    ],
    "codename": "add_thumbnaildimensions"
  }
},
{
  "model": "auth.permission",
  "pk": 54,
  "fields": {
    "name": "Can change thumbnail dimensions",
    "content_type": [
      "easy_thumbnails",
      "thumbnaildimensions"
    ],
    "codename": "change_thumbnaildimensions"
  }
},
{
  "model": "auth.permission",
  "pk": 55,
  "fields": {
    "name": "Can delete thumbnail dimensions",
    "content_type": [
      "easy_thumbnails",
      "thumbnaildimensions"
    ],
    "codename": "delete_thumbnaildimensions"
  }
},
{
  "model": "auth.permission",
  "pk": 59,
  "fields": {
    "name": "Can add email",
    "content_type": [
      "post_office",
      "email"
    ],
    "codename": "add_email"
  }
},
{
  "model": "auth.permission",
  "pk": 60,
  "fields": {
    "name": "Can change email",
    "content_type": [
      "post_office",
      "email"
    ],
    "codename": "change_email"
  }
},
{
  "model": "auth.permission",
  "pk": 61,
  "fields": {
    "name": "Can delete email",
    "content_type": [
      "post_office",
      "email"
    ],
    "codename": "delete_email"
  }
},
{
  "model": "auth.permission",
  "pk": 62,
  "fields": {
    "name": "Can add log",
    "content_type": [
      "post_office",
      "log"
    ],
    "codename": "add_log"
  }
},
{
  "model": "auth.permission",
  "pk": 63,
  "fields": {
    "name": "Can change log",
    "content_type": [
      "post_office",
      "log"
    ],
    "codename": "change_log"
  }
},
{
  "model": "auth.permission",
  "pk": 64,
  "fields": {
    "name": "Can delete log",
    "content_type": [
      "post_office",
      "log"
    ],
    "codename": "delete_log"
  }
},
{
  "model": "auth.permission",
  "pk": 65,
  "fields": {
    "name": "Can add Email Template",
    "content_type": [
      "post_office",
      "emailtemplate"
    ],
    "codename": "add_emailtemplate"
  }
},
{
  "model": "auth.permission",
  "pk": 66,
  "fields": {
    "name": "Can change Email Template",
    "content_type": [
      "post_office",
      "emailtemplate"
    ],
    "codename": "change_emailtemplate"
  }
},
{
  "model": "auth.permission",
  "pk": 67,
  "fields": {
    "name": "Can delete Email Template",
    "content_type": [
      "post_office",
      "emailtemplate"
    ],
    "codename": "delete_emailtemplate"
  }
},
{
  "model": "auth.permission",
  "pk": 68,
  "fields": {
    "name": "Can add attachment",
    "content_type": [
      "post_office",
      "attachment"
    ],
    "codename": "add_attachment"
  }
},
{
  "model": "auth.permission",
  "pk": 69,
  "fields": {
    "name": "Can change attachment",
    "content_type": [
      "post_office",
      "attachment"
    ],
    "codename": "change_attachment"
  }
},
{
  "model": "auth.permission",
  "pk": 70,
  "fields": {
    "name": "Can delete attachment",
    "content_type": [
      "post_office",
      "attachment"
    ],
    "codename": "delete_attachment"
  }
},
{
  "model": "auth.permission",
  "pk": 71,
  "fields": {
    "name": "Can add Customer",
    "content_type": [
      "email_auth",
      "user"
    ],
    "codename": "add_customerproxy"
  }
},
{
  "model": "auth.permission",
  "pk": 72,
  "fields": {
    "name": "Can change Customer",
    "content_type": [
      "email_auth",
      "user"
    ],
    "codename": "change_customerproxy"
  }
},
{
  "model": "auth.permission",
  "pk": 73,
  "fields": {
    "name": "Can delete Customer",
    "content_type": [
      "email_auth",
      "user"
    ],
    "codename": "delete_customerproxy"
  }
},
{
  "model": "auth.permission",
  "pk": 119,
  "fields": {
    "name": "Can add customer",
    "content_type": [
      "edw",
      "customer"
    ],
    "codename": "add_customer"
  }
},
{
  "model": "auth.permission",
  "pk": 120,
  "fields": {
    "name": "Can change customer",
    "content_type": [
      "edw",
      "customer"
    ],
    "codename": "change_customer"
  }
},
{
  "model": "auth.permission",
  "pk": 121,
  "fields": {
    "name": "Can delete customer",
    "content_type": [
      "edw",
      "customer"
    ],
    "codename": "delete_customer"
  }
},
{
  "model": "auth.permission",
  "pk": 122,
  "fields": {
    "name": "Can add term",
    "content_type": [
      "edw",
      "term"
    ],
    "codename": "add_term"
  }
},
{
  "model": "auth.permission",
  "pk": 123,
  "fields": {
    "name": "Can change term",
    "content_type": [
      "edw",
      "term"
    ],
    "codename": "change_term"
  }
},
{
  "model": "auth.permission",
  "pk": 124,
  "fields": {
    "name": "Can delete term",
    "content_type": [
      "edw",
      "term"
    ],
    "codename": "delete_term"
  }
},
{
  "model": "auth.permission",
  "pk": 125,
  "fields": {
    "name": "Can add book",
    "content_type": [
      "edw",
      "book"
    ],
    "codename": "add_book"
  }
},
{
  "model": "auth.permission",
  "pk": 126,
  "fields": {
    "name": "Can change book",
    "content_type": [
      "edw",
      "book"
    ],
    "codename": "change_book"
  }
},
{
  "model": "auth.permission",
  "pk": 127,
  "fields": {
    "name": "Can delete book",
    "content_type": [
      "edw",
      "book"
    ],
    "codename": "delete_book"
  }
},
{
  "model": "auth.permission",
  "pk": 128,
  "fields": {
    "name": "Can add Child book",
    "content_type": [
      "edw",
      "childbook"
    ],
    "codename": "add_childbook"
  }
},
{
  "model": "auth.permission",
  "pk": 129,
  "fields": {
    "name": "Can change Child book",
    "content_type": [
      "edw",
      "childbook"
    ],
    "codename": "change_childbook"
  }
},
{
  "model": "auth.permission",
  "pk": 130,
  "fields": {
    "name": "Can delete Child book",
    "content_type": [
      "edw",
      "childbook"
    ],
    "codename": "delete_childbook"
  }
},
{
  "model": "auth.permission",
  "pk": 131,
  "fields": {
    "name": "Can add Adult book",
    "content_type": [
      "edw",
      "adultbook"
    ],
    "codename": "add_adultbook"
  }
},
{
  "model": "auth.permission",
  "pk": 132,
  "fields": {
    "name": "Can change Adult book",
    "content_type": [
      "edw",
      "adultbook"
    ],
    "codename": "change_adultbook"
  }
},
{
  "model": "auth.permission",
  "pk": 133,
  "fields": {
    "name": "Can delete Adult book",
    "content_type": [
      "edw",
      "adultbook"
    ],
    "codename": "delete_adultbook"
  }
},
{
  "model": "auth.permission",
  "pk": 134,
  "fields": {
    "name": "Can add book translation",
    "content_type": [
      "sample",
      "booktranslation"
    ],
    "codename": "add_booktranslation"
  }
},
{
  "model": "auth.permission",
  "pk": 135,
  "fields": {
    "name": "Can change book translation",
    "content_type": [
      "sample",
      "booktranslation"
    ],
    "codename": "change_booktranslation"
  }
},
{
  "model": "auth.permission",
  "pk": 136,
  "fields": {
    "name": "Can delete book translation",
    "content_type": [
      "sample",
      "booktranslation"
    ],
    "codename": "delete_booktranslation"
  }
},
{
  "model": "auth.permission",
  "pk": 140,
  "fields": {
    "name": "Can add data mart",
    "content_type": [
      "edw",
      "datamart"
    ],
    "codename": "add_datamart"
  }
},
{
  "model": "auth.permission",
  "pk": 141,
  "fields": {
    "name": "Can change data mart",
    "content_type": [
      "edw",
      "datamart"
    ],
    "codename": "change_datamart"
  }
},
{
  "model": "auth.permission",
  "pk": 142,
  "fields": {
    "name": "Can delete data mart",
    "content_type": [
      "edw",
      "datamart"
    ],
    "codename": "delete_datamart"
  }
},
{
  "model": "auth.permission",
  "pk": 146,
  "fields": {
    "name": "Can add Additional Entity Characteristic or Mark",
    "content_type": [
      "edw",
      "additionalentitycharacteristicormark"
    ],
    "codename": "add_additionalentitycharacteristicormark"
  }
},
{
  "model": "auth.permission",
  "pk": 147,
  "fields": {
    "name": "Can change Additional Entity Characteristic or Mark",
    "content_type": [
      "edw",
      "additionalentitycharacteristicormark"
    ],
    "codename": "change_additionalentitycharacteristicormark"
  }
},
{
  "model": "auth.permission",
  "pk": 148,
  "fields": {
    "name": "Can delete Additional Entity Characteristic or Mark",
    "content_type": [
      "edw",
      "additionalentitycharacteristicormark"
    ],
    "codename": "delete_additionalentitycharacteristicormark"
  }
},
{
  "model": "email_auth.user",
  "pk": 1,
  "fields": {
    "password": "pbkdf2_sha256$24000$bt6etU1Y51xV$CsnV4+8gnnrztlVSz1QneICfOyBj2fhqhBeDHW7AdKQ=",
    "last_login": "2016-08-30T16:34:05Z",
    "is_superuser": true,
    "username": "root",
    "first_name": "",
    "last_name": "",
    "email": "admin@excentrics.ru",
    "is_staff": true,
    "is_active": true,
    "date_joined": "2016-06-28T09:12:38Z",
    "groups": [],
    "user_permissions": []
  }
},
{
  "model": "admin.logentry",
  "pk": 1,
  "fields": {
    "action_time": "2016-06-28T09:20:24Z",
    "user": [
      "root"
    ],
    "content_type": [
      "authtoken",
      "token"
    ],
    "object_id": "d2651fd54d67c7dfcb3a68da87b52cb2ba52630d",
    "object_repr": "d2651fd54d67c7dfcb3a68da87b52cb2ba52630d",
    "action_flag": 1,
    "change_message": "\u0414\u043e\u0431\u0430\u0432\u043b\u0435\u043d\u043e."
  }
},
{
  "model": "admin.logentry",
  "pk": 2,
  "fields": {
    "action_time": "2016-06-28T09:20:35Z",
    "user": [
      "root"
    ],
    "content_type": [
      "authtoken",
      "token"
    ],
    "object_id": "d2651fd54d67c7dfcb3a68da87b52cb2ba52630d",
    "object_repr": "d2651fd54d67c7dfcb3a68da87b52cb2ba52630d",
    "action_flag": 3,
    "change_message": ""
  }
},
{
  "model": "admin.logentry",
  "pk": 3,
  "fields": {
    "action_time": "2016-06-28T11:15:43Z",
    "user": [
      "root"
    ],
    "content_type": [
      "filer",
      "thumbnailoption"
    ],
    "object_id": "1",
    "object_repr": "200x300 -- 300 x 200",
    "action_flag": 1,
    "change_message": "\u0414\u043e\u0431\u0430\u0432\u043b\u0435\u043d\u043e."
  }
},
{
  "model": "admin.logentry",
  "pk": 4,
  "fields": {
    "action_time": "2016-06-28T20:08:21Z",
    "user": [
      "root"
    ],
    "content_type": null,
    "object_id": "1",
    "object_repr": "1111111",
    "action_flag": 1,
    "change_message": "\u0414\u043e\u0431\u0430\u0432\u043b\u0435\u043d\u043e."
  }
},
{
  "model": "admin.logentry",
  "pk": 5,
  "fields": {
    "action_time": "2016-06-29T07:43:14Z",
    "user": [
      "root"
    ],
    "content_type": null,
    "object_id": "1",
    "object_repr": "1111111",
    "action_flag": 3,
    "change_message": ""
  }
},
{
  "model": "admin.logentry",
  "pk": 6,
  "fields": {
    "action_time": "2016-06-29T07:46:07Z",
    "user": [
      "root"
    ],
    "content_type": null,
    "object_id": "2",
    "object_repr": "\u0412\u043e\u0439\u043d\u0430 \u0438 \u043c\u0438\u0440",
    "action_flag": 1,
    "change_message": "\u0414\u043e\u0431\u0430\u0432\u043b\u0435\u043d\u043e."
  }
},
{
  "model": "admin.logentry",
  "pk": 7,
  "fields": {
    "action_time": "2016-06-29T07:46:12Z",
    "user": [
      "root"
    ],
    "content_type": null,
    "object_id": "2",
    "object_repr": "\u0412\u043e\u0439\u043d\u0430 \u0438 \u043c\u0438\u0440",
    "action_flag": 2,
    "change_message": "\u041d\u0438 \u043e\u0434\u043d\u043e \u043f\u043e\u043b\u0435 \u043d\u0435 \u0438\u0437\u043c\u0435\u043d\u0435\u043d\u043e."
  }
},
{
  "model": "admin.logentry",
  "pk": 8,
  "fields": {
    "action_time": "2016-06-29T09:35:01Z",
    "user": [
      "root"
    ],
    "content_type": null,
    "object_id": "2",
    "object_repr": "\u0412\u043e\u0439\u043d\u0430 \u0438 \u043c\u0438\u0440",
    "action_flag": 3,
    "change_message": ""
  }
},
{
  "model": "admin.logentry",
  "pk": 9,
  "fields": {
    "action_time": "2016-06-29T09:37:04Z",
    "user": [
      "root"
    ],
    "content_type": null,
    "object_id": "3",
    "object_repr": "\u041c\u043e\u0439\u0434\u043e\u0434\u044b\u0440",
    "action_flag": 1,
    "change_message": "\u0414\u043e\u0431\u0430\u0432\u043b\u0435\u043d\u043e."
  }
},
{
  "model": "admin.logentry",
  "pk": 10,
  "fields": {
    "action_time": "2016-06-29T09:45:35Z",
    "user": [
      "root"
    ],
    "content_type": null,
    "object_id": "4",
    "object_repr": "\u0412\u043e\u0439\u043d\u0430 \u0438 \u043c\u0438\u0440",
    "action_flag": 1,
    "change_message": "\u0414\u043e\u0431\u0430\u0432\u043b\u0435\u043d\u043e."
  }
},
{
  "model": "admin.logentry",
  "pk": 11,
  "fields": {
    "action_time": "2016-07-06T13:12:42Z",
    "user": [
      "root"
    ],
    "content_type": [
      "sites",
      "site"
    ],
    "object_id": "1",
    "object_repr": "d.excentrics.ru:8877",
    "action_flag": 2,
    "change_message": "\u0418\u0437\u043c\u0435\u043d\u0435\u043d domain."
  }
},
{
  "model": "admin.logentry",
  "pk": 12,
  "fields": {
    "action_time": "2016-07-12T13:02:36Z",
    "user": [
      "root"
    ],
    "content_type": null,
    "object_id": "1",
    "object_repr": "Term object",
    "action_flag": 1,
    "change_message": "Added."
  }
},
{
  "model": "admin.logentry",
  "pk": 13,
  "fields": {
    "action_time": "2016-07-12T13:02:56Z",
    "user": [
      "root"
    ],
    "content_type": null,
    "object_id": "2",
    "object_repr": "Term object",
    "action_flag": 1,
    "change_message": "Added."
  }
},
{
  "model": "admin.logentry",
  "pk": 14,
  "fields": {
    "action_time": "2016-07-12T15:04:56Z",
    "user": [
      "root"
    ],
    "content_type": null,
    "object_id": "2",
    "object_repr": "Term object",
    "action_flag": 2,
    "change_message": "No fields changed."
  }
},
{
  "model": "admin.logentry",
  "pk": 15,
  "fields": {
    "action_time": "2016-07-12T15:05:15Z",
    "user": [
      "root"
    ],
    "content_type": null,
    "object_id": "2",
    "object_repr": "Term object",
    "action_flag": 3,
    "change_message": ""
  }
},
{
  "model": "admin.logentry",
  "pk": 16,
  "fields": {
    "action_time": "2016-07-13T14:39:25Z",
    "user": [
      "root"
    ],
    "content_type": null,
    "object_id": "1",
    "object_repr": "Term object",
    "action_flag": 3,
    "change_message": ""
  }
},
{
  "model": "admin.logentry",
  "pk": 17,
  "fields": {
    "action_time": "2016-07-13T15:00:49Z",
    "user": [
      "root"
    ],
    "content_type": null,
    "object_id": "3",
    "object_repr": "Term object",
    "action_flag": 1,
    "change_message": "Added."
  }
},
{
  "model": "admin.logentry",
  "pk": 18,
  "fields": {
    "action_time": "2016-07-15T09:27:06Z",
    "user": [
      "root"
    ],
    "content_type": null,
    "object_id": "3",
    "object_repr": "\u041a\u0430\u0442\u0435\u0433\u043e\u0440\u0438\u044f  1",
    "action_flag": 2,
    "change_message": "\u0418\u0437\u043c\u0435\u043d\u0435\u043d attributes \u0438 system_flags."
  }
},
{
  "model": "admin.logentry",
  "pk": 19,
  "fields": {
    "action_time": "2016-07-15T09:27:57Z",
    "user": [
      "root"
    ],
    "content_type": null,
    "object_id": "3",
    "object_repr": "\u041a\u0430\u0442\u0435\u0433\u043e\u0440\u0438\u044f  1",
    "action_flag": 2,
    "change_message": "\u0418\u0437\u043c\u0435\u043d\u0435\u043d attributes \u0438 system_flags."
  }
},
{
  "model": "admin.logentry",
  "pk": 20,
  "fields": {
    "action_time": "2016-07-15T09:28:42Z",
    "user": [
      "root"
    ],
    "content_type": null,
    "object_id": "6",
    "object_repr": "\u041a\u0430\u0442\u0435\u0433\u043e\u0440\u0438\u044f  1",
    "action_flag": 1,
    "change_message": "\u0414\u043e\u0431\u0430\u0432\u043b\u0435\u043d\u043e."
  }
},
{
  "model": "admin.logentry",
  "pk": 21,
  "fields": {
    "action_time": "2016-07-15T09:29:06Z",
    "user": [
      "root"
    ],
    "content_type": null,
    "object_id": "3",
    "object_repr": "\u041a\u0430\u0442\u0435\u0433\u043e\u0440\u0438\u044f  1",
    "action_flag": 2,
    "change_message": "\u0418\u0437\u043c\u0435\u043d\u0435\u043d attributes, active \u0438 system_flags."
  }
},
{
  "model": "admin.logentry",
  "pk": 22,
  "fields": {
    "action_time": "2016-07-15T09:29:16Z",
    "user": [
      "root"
    ],
    "content_type": null,
    "object_id": "6",
    "object_repr": "\u041a\u0430\u0442\u0435\u0433\u043e\u0440\u0438\u044f  1",
    "action_flag": 2,
    "change_message": "\u0418\u0437\u043c\u0435\u043d\u0435\u043d attributes, active \u0438 system_flags."
  }
},
{
  "model": "admin.logentry",
  "pk": 23,
  "fields": {
    "action_time": "2016-07-15T09:34:56Z",
    "user": [
      "root"
    ],
    "content_type": null,
    "object_id": "6",
    "object_repr": "\u041a\u0430\u0442\u0435\u0433\u043e\u0440\u0438\u044f  1",
    "action_flag": 2,
    "change_message": "\u0418\u0437\u043c\u0435\u043d\u0435\u043d attributes \u0438 system_flags."
  }
},
{
  "model": "admin.logentry",
  "pk": 24,
  "fields": {
    "action_time": "2016-07-15T09:35:23Z",
    "user": [
      "root"
    ],
    "content_type": null,
    "object_id": "6",
    "object_repr": "\u041a\u0430\u0442\u0435\u0433\u043e\u0440\u0438\u044f  1",
    "action_flag": 2,
    "change_message": "\u0418\u0437\u043c\u0435\u043d\u0435\u043d attributes \u0438 system_flags."
  }
},
{
  "model": "admin.logentry",
  "pk": 25,
  "fields": {
    "action_time": "2016-07-15T09:35:28Z",
    "user": [
      "root"
    ],
    "content_type": null,
    "object_id": "3",
    "object_repr": "\u041a\u0430\u0442\u0435\u0433\u043e\u0440\u0438\u044f  1",
    "action_flag": 2,
    "change_message": "\u0418\u0437\u043c\u0435\u043d\u0435\u043d attributes \u0438 system_flags."
  }
},
{
  "model": "admin.logentry",
  "pk": 26,
  "fields": {
    "action_time": "2016-07-15T10:02:01Z",
    "user": [
      "root"
    ],
    "content_type": null,
    "object_id": "6",
    "object_repr": "\u041a\u0430\u0442\u0435\u0433\u043e\u0440\u0438\u044f  1",
    "action_flag": 2,
    "change_message": "\u0418\u0437\u043c\u0435\u043d\u0435\u043d attributes \u0438 system_flags."
  }
},
{
  "model": "admin.logentry",
  "pk": 27,
  "fields": {
    "action_time": "2016-07-15T10:02:17Z",
    "user": [
      "root"
    ],
    "content_type": null,
    "object_id": "7",
    "object_repr": "\u041a\u0430\u0442\u0435\u0433\u043e\u0440\u0438\u044f  1",
    "action_flag": 1,
    "change_message": "\u0414\u043e\u0431\u0430\u0432\u043b\u0435\u043d\u043e."
  }
},
{
  "model": "admin.logentry",
  "pk": 28,
  "fields": {
    "action_time": "2016-07-15T10:03:28Z",
    "user": [
      "root"
    ],
    "content_type": null,
    "object_id": "7",
    "object_repr": "\u041a\u0430\u0442\u0435\u0433\u043e\u0440\u0438\u044f  1",
    "action_flag": 2,
    "change_message": "\u0418\u0437\u043c\u0435\u043d\u0435\u043d attributes \u0438 system_flags."
  }
},
{
  "model": "admin.logentry",
  "pk": 29,
  "fields": {
    "action_time": "2016-07-15T10:04:03Z",
    "user": [
      "root"
    ],
    "content_type": null,
    "object_id": "7",
    "object_repr": "\u041a\u0430\u0442\u0435\u0433\u043e\u0440\u0438\u044f  1",
    "action_flag": 2,
    "change_message": "\u0418\u0437\u043c\u0435\u043d\u0435\u043d slug, attributes \u0438 system_flags."
  }
},
{
  "model": "admin.logentry",
  "pk": 30,
  "fields": {
    "action_time": "2016-07-15T10:04:15Z",
    "user": [
      "root"
    ],
    "content_type": null,
    "object_id": "6",
    "object_repr": "\u041a\u0430\u0442\u0435\u0433\u043e\u0440\u0438\u044f  1",
    "action_flag": 2,
    "change_message": "\u0418\u0437\u043c\u0435\u043d\u0435\u043d slug, attributes \u0438 system_flags."
  }
},
{
  "model": "admin.logentry",
  "pk": 31,
  "fields": {
    "action_time": "2016-07-15T10:04:32Z",
    "user": [
      "root"
    ],
    "content_type": null,
    "object_id": "3",
    "object_repr": "\u041a\u0430\u0442\u0435\u0433\u043e\u0440\u0438\u044f  2",
    "action_flag": 2,
    "change_message": "\u0418\u0437\u043c\u0435\u043d\u0435\u043d name, slug, attributes \u0438 system_flags."
  }
},
{
  "model": "admin.logentry",
  "pk": 32,
  "fields": {
    "action_time": "2016-07-15T10:04:39Z",
    "user": [
      "root"
    ],
    "content_type": null,
    "object_id": "7",
    "object_repr": "\u041a\u0430\u0442\u0435\u0433\u043e\u0440\u0438\u044f  1",
    "action_flag": 2,
    "change_message": "\u0418\u0437\u043c\u0435\u043d\u0435\u043d slug, attributes \u0438 system_flags."
  }
},
{
  "model": "admin.logentry",
  "pk": 33,
  "fields": {
    "action_time": "2016-07-15T10:04:52Z",
    "user": [
      "root"
    ],
    "content_type": null,
    "object_id": "7",
    "object_repr": "\u041a\u0430\u0442\u0435\u0433\u043e\u0440\u0438\u044f  1",
    "action_flag": 2,
    "change_message": "\u0418\u0437\u043c\u0435\u043d\u0435\u043d slug, attributes \u0438 system_flags."
  }
},
{
  "model": "admin.logentry",
  "pk": 34,
  "fields": {
    "action_time": "2016-07-15T10:05:40Z",
    "user": [
      "root"
    ],
    "content_type": null,
    "object_id": "7",
    "object_repr": "\u041a\u0430\u0442\u0435\u0433\u043e\u0440\u0438\u044f  1",
    "action_flag": 2,
    "change_message": "\u0418\u0437\u043c\u0435\u043d\u0435\u043d attributes \u0438 system_flags."
  }
},
{
  "model": "admin.logentry",
  "pk": 35,
  "fields": {
    "action_time": "2016-07-15T10:06:10Z",
    "user": [
      "root"
    ],
    "content_type": null,
    "object_id": "7",
    "object_repr": "\u041a\u0430\u0442\u0435\u0433\u043e\u0440\u0438\u044f  1",
    "action_flag": 2,
    "change_message": "\u0418\u0437\u043c\u0435\u043d\u0435\u043d attributes, active \u0438 system_flags."
  }
},
{
  "model": "admin.logentry",
  "pk": 36,
  "fields": {
    "action_time": "2016-07-15T10:06:19Z",
    "user": [
      "root"
    ],
    "content_type": null,
    "object_id": "3",
    "object_repr": "\u041a\u0430\u0442\u0435\u0433\u043e\u0440\u0438\u044f  2",
    "action_flag": 2,
    "change_message": "\u0418\u0437\u043c\u0435\u043d\u0435\u043d attributes, active \u0438 system_flags."
  }
},
{
  "model": "admin.logentry",
  "pk": 37,
  "fields": {
    "action_time": "2016-07-15T10:06:26Z",
    "user": [
      "root"
    ],
    "content_type": null,
    "object_id": "7",
    "object_repr": "\u041a\u0430\u0442\u0435\u0433\u043e\u0440\u0438\u044f  1",
    "action_flag": 2,
    "change_message": "\u0418\u0437\u043c\u0435\u043d\u0435\u043d attributes, active \u0438 system_flags."
  }
},
{
  "model": "admin.logentry",
  "pk": 38,
  "fields": {
    "action_time": "2016-07-15T10:21:22Z",
    "user": [
      "root"
    ],
    "content_type": null,
    "object_id": "7",
    "object_repr": "\u041a\u0430\u0442\u0435\u0433\u043e\u0440\u0438\u044f  1",
    "action_flag": 2,
    "change_message": "\u0418\u0437\u043c\u0435\u043d\u0435\u043d attributes \u0438 system_flags."
  }
},
{
  "model": "admin.logentry",
  "pk": 39,
  "fields": {
    "action_time": "2016-07-15T10:21:30Z",
    "user": [
      "root"
    ],
    "content_type": null,
    "object_id": "7",
    "object_repr": "\u041a\u0430\u0442\u0435\u0433\u043e\u0440\u0438\u044f  1",
    "action_flag": 3,
    "change_message": ""
  }
},
{
  "model": "admin.logentry",
  "pk": 40,
  "fields": {
    "action_time": "2016-07-15T10:21:41Z",
    "user": [
      "root"
    ],
    "content_type": null,
    "object_id": "7",
    "object_repr": "\u041a\u0430\u0442\u0435\u0433\u043e\u0440\u0438\u044f  1",
    "action_flag": 2,
    "change_message": "\u0418\u0437\u043c\u0435\u043d\u0435\u043d attributes \u0438 system_flags."
  }
},
{
  "model": "admin.logentry",
  "pk": 41,
  "fields": {
    "action_time": "2016-07-15T10:21:46Z",
    "user": [
      "root"
    ],
    "content_type": null,
    "object_id": "7",
    "object_repr": "\u041a\u0430\u0442\u0435\u0433\u043e\u0440\u0438\u044f  1",
    "action_flag": 3,
    "change_message": ""
  }
},
{
  "model": "admin.logentry",
  "pk": 42,
  "fields": {
    "action_time": "2016-07-15T10:22:51Z",
    "user": [
      "root"
    ],
    "content_type": null,
    "object_id": "3",
    "object_repr": "\u041a\u0430\u0442\u0435\u0433\u043e\u0440\u0438\u044f  2",
    "action_flag": 2,
    "change_message": "\u0418\u0437\u043c\u0435\u043d\u0435\u043d attributes \u0438 system_flags."
  }
},
{
  "model": "admin.logentry",
  "pk": 43,
  "fields": {
    "action_time": "2016-07-15T10:22:55Z",
    "user": [
      "root"
    ],
    "content_type": null,
    "object_id": "3",
    "object_repr": "\u041a\u0430\u0442\u0435\u0433\u043e\u0440\u0438\u044f  2",
    "action_flag": 2,
    "change_message": "\u0418\u0437\u043c\u0435\u043d\u0435\u043d attributes \u0438 system_flags."
  }
},
{
  "model": "admin.logentry",
  "pk": 44,
  "fields": {
    "action_time": "2016-07-15T10:23:08Z",
    "user": [
      "root"
    ],
    "content_type": null,
    "object_id": "3",
    "object_repr": "\u041a\u0430\u0442\u0435\u0433\u043e\u0440\u0438\u044f  2",
    "action_flag": 2,
    "change_message": "\u0418\u0437\u043c\u0435\u043d\u0435\u043d attributes \u0438 system_flags."
  }
},
{
  "model": "admin.logentry",
  "pk": 45,
  "fields": {
    "action_time": "2016-07-15T10:23:12Z",
    "user": [
      "root"
    ],
    "content_type": null,
    "object_id": "3",
    "object_repr": "\u041a\u0430\u0442\u0435\u0433\u043e\u0440\u0438\u044f  2",
    "action_flag": 3,
    "change_message": ""
  }
},
{
  "model": "admin.logentry",
  "pk": 46,
  "fields": {
    "action_time": "2016-07-15T10:32:05Z",
    "user": [
      "root"
    ],
    "content_type": null,
    "object_id": "3",
    "object_repr": "\u041a\u0430\u0442\u0435\u0433\u043e\u0440\u0438\u044f  2",
    "action_flag": 3,
    "change_message": ""
  }
},
{
  "model": "admin.logentry",
  "pk": 49,
  "fields": {
    "action_time": "2016-07-15T10:47:12Z",
    "user": [
      "root"
    ],
    "content_type": null,
    "object_id": "3",
    "object_repr": "\u041a\u0430\u0442\u0435\u0433\u043e\u0440\u0438\u044f  2",
    "action_flag": 3,
    "change_message": ""
  }
},
{
  "model": "admin.logentry",
  "pk": 50,
  "fields": {
    "action_time": "2016-07-15T10:54:29Z",
    "user": [
      "root"
    ],
    "content_type": null,
    "object_id": "3",
    "object_repr": "\u041a\u0430\u0442\u0435\u0433\u043e\u0440\u0438\u044f  2",
    "action_flag": 2,
    "change_message": "\u0418\u0437\u043c\u0435\u043d\u0435\u043d attributes \u0438 system_flags."
  }
},
{
  "model": "admin.logentry",
  "pk": 51,
  "fields": {
    "action_time": "2016-07-15T10:54:51Z",
    "user": [
      "root"
    ],
    "content_type": null,
    "object_id": "3",
    "object_repr": "\u041a\u0430\u0442\u0435\u0433\u043e\u0440\u0438\u044f  2",
    "action_flag": 2,
    "change_message": "\u0418\u0437\u043c\u0435\u043d\u0435\u043d attributes \u0438 system_flags."
  }
},
{
  "model": "admin.logentry",
  "pk": 52,
  "fields": {
    "action_time": "2016-07-15T10:55:37Z",
    "user": [
      "root"
    ],
    "content_type": null,
    "object_id": "3",
    "object_repr": "\u041a\u0430\u0442\u0435\u0433\u043e\u0440\u0438\u044f  2",
    "action_flag": 2,
    "change_message": "\u0418\u0437\u043c\u0435\u043d\u0435\u043d attributes \u0438 system_flags."
  }
},
{
  "model": "admin.logentry",
  "pk": 53,
  "fields": {
    "action_time": "2016-07-15T10:57:03Z",
    "user": [
      "root"
    ],
    "content_type": null,
    "object_id": "3",
    "object_repr": "\u041a\u0430\u0442\u0435\u0433\u043e\u0440\u0438\u044f  2",
    "action_flag": 2,
    "change_message": "\u0418\u0437\u043c\u0435\u043d\u0435\u043d attributes \u0438 system_flags."
  }
},
{
  "model": "admin.logentry",
  "pk": 54,
  "fields": {
    "action_time": "2016-07-15T10:58:25Z",
    "user": [
      "root"
    ],
    "content_type": null,
    "object_id": "None",
    "object_repr": "\u041a\u0430\u0442\u0435\u0433\u043e\u0440\u0438\u044f  2",
    "action_flag": 3,
    "change_message": ""
  }
},
{
  "model": "admin.logentry",
  "pk": 55,
  "fields": {
    "action_time": "2016-07-15T10:58:41Z",
    "user": [
      "root"
    ],
    "content_type": null,
    "object_id": "8",
    "object_repr": "tyudt",
    "action_flag": 1,
    "change_message": "\u0414\u043e\u0431\u0430\u0432\u043b\u0435\u043d\u043e."
  }
},
{
  "model": "admin.logentry",
  "pk": 56,
  "fields": {
    "action_time": "2016-07-15T10:58:50Z",
    "user": [
      "root"
    ],
    "content_type": null,
    "object_id": "8",
    "object_repr": "tyudt",
    "action_flag": 2,
    "change_message": "\u0418\u0437\u043c\u0435\u043d\u0435\u043d attributes \u0438 system_flags."
  }
},
{
  "model": "admin.logentry",
  "pk": 57,
  "fields": {
    "action_time": "2016-07-15T10:58:55Z",
    "user": [
      "root"
    ],
    "content_type": null,
    "object_id": "8",
    "object_repr": "tyudt",
    "action_flag": 3,
    "change_message": ""
  }
},
{
  "model": "admin.logentry",
  "pk": 58,
  "fields": {
    "action_time": "2016-07-15T10:59:05Z",
    "user": [
      "root"
    ],
    "content_type": null,
    "object_id": "8",
    "object_repr": "tyudt",
    "action_flag": 3,
    "change_message": ""
  }
},
{
  "model": "admin.logentry",
  "pk": 59,
  "fields": {
    "action_time": "2016-07-15T11:03:56Z",
    "user": [
      "root"
    ],
    "content_type": null,
    "object_id": "8",
    "object_repr": "tyudt",
    "action_flag": 3,
    "change_message": ""
  }
},
{
  "model": "admin.logentry",
  "pk": 60,
  "fields": {
    "action_time": "2016-07-15T11:04:29Z",
    "user": [
      "root"
    ],
    "content_type": null,
    "object_id": "8",
    "object_repr": "tyudt",
    "action_flag": 3,
    "change_message": ""
  }
},
{
  "model": "admin.logentry",
  "pk": 61,
  "fields": {
    "action_time": "2016-07-15T11:04:41Z",
    "user": [
      "root"
    ],
    "content_type": null,
    "object_id": "8",
    "object_repr": "tyudt",
    "action_flag": 3,
    "change_message": ""
  }
},
{
  "model": "admin.logentry",
  "pk": 64,
  "fields": {
    "action_time": "2016-07-15T11:09:55Z",
    "user": [
      "root"
    ],
    "content_type": null,
    "object_id": "8",
    "object_repr": "tyudt",
    "action_flag": 3,
    "change_message": ""
  }
},
{
  "model": "admin.logentry",
  "pk": 65,
  "fields": {
    "action_time": "2016-07-15T11:10:35Z",
    "user": [
      "root"
    ],
    "content_type": null,
    "object_id": "8",
    "object_repr": "tyudt",
    "action_flag": 3,
    "change_message": ""
  }
},
{
  "model": "admin.logentry",
  "pk": 66,
  "fields": {
    "action_time": "2016-07-15T12:06:46Z",
    "user": [
      "root"
    ],
    "content_type": null,
    "object_id": "8",
    "object_repr": "tyudt",
    "action_flag": 2,
    "change_message": "\u0418\u0437\u043c\u0435\u043d\u0435\u043d attributes \u0438 system_flags."
  }
},
{
  "model": "admin.logentry",
  "pk": 67,
  "fields": {
    "action_time": "2016-07-15T12:07:26Z",
    "user": [
      "root"
    ],
    "content_type": null,
    "object_id": "8",
    "object_repr": "tyudt",
    "action_flag": 2,
    "change_message": "\u0418\u0437\u043c\u0435\u043d\u0435\u043d attributes \u0438 system_flags."
  }
},
{
  "model": "admin.logentry",
  "pk": 68,
  "fields": {
    "action_time": "2016-07-15T12:10:23Z",
    "user": [
      "root"
    ],
    "content_type": null,
    "object_id": "8",
    "object_repr": "tyudt",
    "action_flag": 2,
    "change_message": "\u0418\u0437\u043c\u0435\u043d\u0435\u043d attributes \u0438 system_flags."
  }
},
{
  "model": "admin.logentry",
  "pk": 69,
  "fields": {
    "action_time": "2016-07-15T15:31:20Z",
    "user": [
      "root"
    ],
    "content_type": null,
    "object_id": "8",
    "object_repr": "tyudt1",
    "action_flag": 2,
    "change_message": "\u0418\u0437\u043c\u0435\u043d\u0435\u043d name, attributes \u0438 system_flags."
  }
},
{
  "model": "admin.logentry",
  "pk": 70,
  "fields": {
    "action_time": "2016-07-19T10:37:51Z",
    "user": [
      "root"
    ],
    "content_type": null,
    "object_id": "4",
    "object_repr": "\u0412\u043e\u0439\u043d\u0430 \u0438 \u043c\u0438\u0440 2",
    "action_flag": 2,
    "change_message": "\u0418\u0437\u043c\u0435\u043d\u0435\u043d name."
  }
},
{
  "model": "admin.logentry",
  "pk": 71,
  "fields": {
    "action_time": "2016-07-19T10:38:08Z",
    "user": [
      "root"
    ],
    "content_type": null,
    "object_id": "5",
    "object_repr": "effegfegfe",
    "action_flag": 1,
    "change_message": "\u0414\u043e\u0431\u0430\u0432\u043b\u0435\u043d\u043e."
  }
},
{
  "model": "admin.logentry",
  "pk": 72,
  "fields": {
    "action_time": "2016-07-21T12:53:17Z",
    "user": [
      "root"
    ],
    "content_type": null,
    "object_id": "1",
    "object_repr": "qwerty1",
    "action_flag": 1,
    "change_message": "\u0414\u043e\u0431\u0430\u0432\u043b\u0435\u043d\u043e."
  }
},
{
  "model": "admin.logentry",
  "pk": 73,
  "fields": {
    "action_time": "2016-07-21T12:53:26Z",
    "user": [
      "root"
    ],
    "content_type": null,
    "object_id": "2",
    "object_repr": "qwerty2",
    "action_flag": 1,
    "change_message": "\u0414\u043e\u0431\u0430\u0432\u043b\u0435\u043d\u043e."
  }
},
{
  "model": "admin.logentry",
  "pk": 74,
  "fields": {
    "action_time": "2016-07-21T12:53:38Z",
    "user": [
      "root"
    ],
    "content_type": null,
    "object_id": "4",
    "object_repr": "\u0412\u043e\u0439\u043d\u0430 \u0438 \u043c\u0438\u0440 2",
    "action_flag": 2,
    "change_message": "\u0418\u0437\u043c\u0435\u043d\u0435\u043d terms."
  }
},
{
  "model": "admin.logentry",
  "pk": 75,
  "fields": {
    "action_time": "2016-07-21T12:53:44Z",
    "user": [
      "root"
    ],
    "content_type": null,
    "object_id": "5",
    "object_repr": "effegfegfe",
    "action_flag": 2,
    "change_message": "\u0418\u0437\u043c\u0435\u043d\u0435\u043d terms."
  }
},
{
  "model": "admin.logentry",
  "pk": 76,
  "fields": {
    "action_time": "2016-07-21T12:53:50Z",
    "user": [
      "root"
    ],
    "content_type": null,
    "object_id": "5",
    "object_repr": "effegfegfe",
    "action_flag": 2,
    "change_message": "\u041d\u0438 \u043e\u0434\u043d\u043e \u043f\u043e\u043b\u0435 \u043d\u0435 \u0438\u0437\u043c\u0435\u043d\u0435\u043d\u043e."
  }
},
{
  "model": "admin.logentry",
  "pk": 77,
  "fields": {
    "action_time": "2016-07-21T13:00:53Z",
    "user": [
      "root"
    ],
    "content_type": null,
    "object_id": "4",
    "object_repr": "\u0412\u043e\u0439\u043d\u0430 \u0438 \u043c\u0438\u0440 2",
    "action_flag": 2,
    "change_message": "\u0418\u0437\u043c\u0435\u043d\u0435\u043d customers."
  }
},
{
  "model": "admin.logentry",
  "pk": 78,
  "fields": {
    "action_time": "2016-07-21T13:00:58Z",
    "user": [
      "root"
    ],
    "content_type": null,
    "object_id": "5",
    "object_repr": "effegfegfe",
    "action_flag": 2,
    "change_message": "\u041d\u0438 \u043e\u0434\u043d\u043e \u043f\u043e\u043b\u0435 \u043d\u0435 \u0438\u0437\u043c\u0435\u043d\u0435\u043d\u043e."
  }
},
{
  "model": "admin.logentry",
  "pk": 79,
  "fields": {
    "action_time": "2016-07-21T13:01:02Z",
    "user": [
      "root"
    ],
    "content_type": null,
    "object_id": "5",
    "object_repr": "effegfegfe",
    "action_flag": 2,
    "change_message": "\u041d\u0438 \u043e\u0434\u043d\u043e \u043f\u043e\u043b\u0435 \u043d\u0435 \u0438\u0437\u043c\u0435\u043d\u0435\u043d\u043e."
  }
},
{
  "model": "admin.logentry",
  "pk": 80,
  "fields": {
    "action_time": "2016-07-21T14:28:00Z",
    "user": [
      "root"
    ],
    "content_type": null,
    "object_id": "1",
    "object_repr": "Term1",
    "action_flag": 1,
    "change_message": "\u0414\u043e\u0431\u0430\u0432\u043b\u0435\u043d\u043e."
  }
},
{
  "model": "admin.logentry",
  "pk": 81,
  "fields": {
    "action_time": "2016-07-21T14:28:07Z",
    "user": [
      "root"
    ],
    "content_type": null,
    "object_id": "2",
    "object_repr": "Term2",
    "action_flag": 1,
    "change_message": "\u0414\u043e\u0431\u0430\u0432\u043b\u0435\u043d\u043e."
  }
},
{
  "model": "admin.logentry",
  "pk": 82,
  "fields": {
    "action_time": "2016-07-21T14:28:19Z",
    "user": [
      "root"
    ],
    "content_type": null,
    "object_id": "3",
    "object_repr": "Term3",
    "action_flag": 1,
    "change_message": "\u0414\u043e\u0431\u0430\u0432\u043b\u0435\u043d\u043e."
  }
},
{
  "model": "admin.logentry",
  "pk": 83,
  "fields": {
    "action_time": "2016-07-21T14:28:31Z",
    "user": [
      "root"
    ],
    "content_type": null,
    "object_id": "4",
    "object_repr": "\u0412\u043e\u0439\u043d\u0430 \u0438 \u043c\u0438\u0440 2",
    "action_flag": 2,
    "change_message": "\u0418\u0437\u043c\u0435\u043d\u0435\u043d terms."
  }
},
{
  "model": "admin.logentry",
  "pk": 84,
  "fields": {
    "action_time": "2016-07-21T14:28:37Z",
    "user": [
      "root"
    ],
    "content_type": null,
    "object_id": "3",
    "object_repr": "\u041c\u043e\u0439\u0434\u043e\u0434\u044b\u0440",
    "action_flag": 2,
    "change_message": "\u0418\u0437\u043c\u0435\u043d\u0435\u043d terms."
  }
},
{
  "model": "admin.logentry",
  "pk": 85,
  "fields": {
    "action_time": "2016-07-21T14:28:44Z",
    "user": [
      "root"
    ],
    "content_type": null,
    "object_id": "5",
    "object_repr": "effegfegfe",
    "action_flag": 2,
    "change_message": "\u0418\u0437\u043c\u0435\u043d\u0435\u043d terms."
  }
},
{
  "model": "admin.logentry",
  "pk": 86,
  "fields": {
    "action_time": "2016-07-21T16:36:50Z",
    "user": [
      "root"
    ],
    "content_type": [
      "edw",
      "childbook"
    ],
    "object_id": "1",
    "object_repr": "Book1",
    "action_flag": 1,
    "change_message": "\u0414\u043e\u0431\u0430\u0432\u043b\u0435\u043d\u043e."
  }
},
{
  "model": "admin.logentry",
  "pk": 87,
  "fields": {
    "action_time": "2016-07-21T16:37:10Z",
    "user": [
      "root"
    ],
    "content_type": [
      "edw",
      "adultbook"
    ],
    "object_id": "2",
    "object_repr": "Hastler1",
    "action_flag": 1,
    "change_message": "\u0414\u043e\u0431\u0430\u0432\u043b\u0435\u043d\u043e."
  }
},
{
  "model": "admin.logentry",
  "pk": 88,
  "fields": {
    "action_time": "2016-07-21T16:37:28Z",
    "user": [
      "root"
    ],
    "content_type": [
      "edw",
      "term"
    ],
    "object_id": "1",
    "object_repr": "Term1",
    "action_flag": 1,
    "change_message": "\u0414\u043e\u0431\u0430\u0432\u043b\u0435\u043d\u043e."
  }
},
{
  "model": "admin.logentry",
  "pk": 89,
  "fields": {
    "action_time": "2016-07-21T16:37:37Z",
    "user": [
      "root"
    ],
    "content_type": [
      "edw",
      "term"
    ],
    "object_id": "2",
    "object_repr": "Term2",
    "action_flag": 1,
    "change_message": "\u0414\u043e\u0431\u0430\u0432\u043b\u0435\u043d\u043e."
  }
},
{
  "model": "admin.logentry",
  "pk": 90,
  "fields": {
    "action_time": "2016-07-21T16:37:46Z",
    "user": [
      "root"
    ],
    "content_type": [
      "edw",
      "term"
    ],
    "object_id": "3",
    "object_repr": "Term3",
    "action_flag": 1,
    "change_message": "\u0414\u043e\u0431\u0430\u0432\u043b\u0435\u043d\u043e."
  }
},
{
  "model": "admin.logentry",
  "pk": 91,
  "fields": {
    "action_time": "2016-07-21T16:38:12Z",
    "user": [
      "root"
    ],
    "content_type": [
      "edw",
      "adultbook"
    ],
    "object_id": "2",
    "object_repr": "Hastler1",
    "action_flag": 2,
    "change_message": "\u0418\u0437\u043c\u0435\u043d\u0435\u043d terms."
  }
},
{
  "model": "admin.logentry",
  "pk": 92,
  "fields": {
    "action_time": "2016-07-21T16:38:19Z",
    "user": [
      "root"
    ],
    "content_type": [
      "edw",
      "childbook"
    ],
    "object_id": "1",
    "object_repr": "Book1",
    "action_flag": 2,
    "change_message": "\u0418\u0437\u043c\u0435\u043d\u0435\u043d terms."
  }
},
{
  "model": "admin.logentry",
  "pk": 93,
  "fields": {
    "action_time": "2016-07-21T16:38:25Z",
    "user": [
      "root"
    ],
    "content_type": [
      "edw",
      "adultbook"
    ],
    "object_id": "2",
    "object_repr": "Hastler1",
    "action_flag": 2,
    "change_message": "\u041d\u0438 \u043e\u0434\u043d\u043e \u043f\u043e\u043b\u0435 \u043d\u0435 \u0438\u0437\u043c\u0435\u043d\u0435\u043d\u043e."
  }
},
{
  "model": "admin.logentry",
  "pk": 94,
  "fields": {
    "action_time": "2016-07-22T09:56:32Z",
    "user": [
      "root"
    ],
    "content_type": null,
    "object_id": "1",
    "object_repr": "Collection 1",
    "action_flag": 1,
    "change_message": "\u0414\u043e\u0431\u0430\u0432\u043b\u0435\u043d\u043e."
  }
},
{
  "model": "admin.logentry",
  "pk": 95,
  "fields": {
    "action_time": "2016-07-22T09:56:44Z",
    "user": [
      "root"
    ],
    "content_type": null,
    "object_id": "2",
    "object_repr": "Collection 2",
    "action_flag": 1,
    "change_message": "\u0414\u043e\u0431\u0430\u0432\u043b\u0435\u043d\u043e."
  }
},
{
  "model": "admin.logentry",
  "pk": 96,
  "fields": {
    "action_time": "2016-07-22T09:56:55Z",
    "user": [
      "root"
    ],
    "content_type": null,
    "object_id": "2",
    "object_repr": "Collection 2",
    "action_flag": 2,
    "change_message": "\u0418\u0437\u043c\u0435\u043d\u0435\u043d system_flags."
  }
},
{
  "model": "admin.logentry",
  "pk": 97,
  "fields": {
    "action_time": "2016-07-22T09:57:06Z",
    "user": [
      "root"
    ],
    "content_type": null,
    "object_id": "3",
    "object_repr": "Collection 3",
    "action_flag": 1,
    "change_message": "\u0414\u043e\u0431\u0430\u0432\u043b\u0435\u043d\u043e."
  }
},
{
  "model": "admin.logentry",
  "pk": 98,
  "fields": {
    "action_time": "2016-07-22T10:21:04Z",
    "user": [
      "root"
    ],
    "content_type": null,
    "object_id": "2",
    "object_repr": "Collection 2",
    "action_flag": 2,
    "change_message": "\u0418\u0437\u043c\u0435\u043d\u0435\u043d system_flags \u0438 terms."
  }
},
{
  "model": "admin.logentry",
  "pk": 99,
  "fields": {
    "action_time": "2016-07-22T10:21:12Z",
    "user": [
      "root"
    ],
    "content_type": null,
    "object_id": "1",
    "object_repr": "Collection 1",
    "action_flag": 2,
    "change_message": "\u0418\u0437\u043c\u0435\u043d\u0435\u043d system_flags \u0438 terms."
  }
},
{
  "model": "admin.logentry",
  "pk": 100,
  "fields": {
    "action_time": "2016-07-22T10:21:18Z",
    "user": [
      "root"
    ],
    "content_type": null,
    "object_id": "1",
    "object_repr": "Collection 1",
    "action_flag": 2,
    "change_message": "\u0418\u0437\u043c\u0435\u043d\u0435\u043d system_flags."
  }
},
{
  "model": "admin.logentry",
  "pk": 101,
  "fields": {
    "action_time": "2016-07-22T10:26:02Z",
    "user": [
      "root"
    ],
    "content_type": null,
    "object_id": "2",
    "object_repr": "Collection 2",
    "action_flag": 2,
    "change_message": "\u0418\u0437\u043c\u0435\u043d\u0435\u043d system_flags \u0438 terms."
  }
},
{
  "model": "admin.logentry",
  "pk": 102,
  "fields": {
    "action_time": "2016-07-22T10:26:08Z",
    "user": [
      "root"
    ],
    "content_type": null,
    "object_id": "3",
    "object_repr": "Collection 3",
    "action_flag": 2,
    "change_message": "\u0418\u0437\u043c\u0435\u043d\u0435\u043d system_flags \u0438 terms."
  }
},
{
  "model": "admin.logentry",
  "pk": 103,
  "fields": {
    "action_time": "2016-07-22T10:26:15Z",
    "user": [
      "root"
    ],
    "content_type": null,
    "object_id": "3",
    "object_repr": "Collection 3",
    "action_flag": 2,
    "change_message": "\u0418\u0437\u043c\u0435\u043d\u0435\u043d system_flags \u0438 terms."
  }
},
{
  "model": "admin.logentry",
  "pk": 104,
  "fields": {
    "action_time": "2016-07-22T10:26:19Z",
    "user": [
      "root"
    ],
    "content_type": null,
    "object_id": "3",
    "object_repr": "Collection 3",
    "action_flag": 2,
    "change_message": "\u0418\u0437\u043c\u0435\u043d\u0435\u043d system_flags."
  }
},
{
  "model": "admin.logentry",
  "pk": 105,
  "fields": {
    "action_time": "2016-07-22T15:57:37Z",
    "user": [
      "root"
    ],
    "content_type": [
      "edw",
      "datamart"
    ],
    "object_id": "1",
    "object_repr": "Collection 1",
    "action_flag": 1,
    "change_message": "\u0414\u043e\u0431\u0430\u0432\u043b\u0435\u043d\u043e."
  }
},
{
  "model": "admin.logentry",
  "pk": 106,
  "fields": {
    "action_time": "2016-07-22T15:57:43Z",
    "user": [
      "root"
    ],
    "content_type": [
      "edw",
      "datamart"
    ],
    "object_id": "2",
    "object_repr": "Collection 2",
    "action_flag": 1,
    "change_message": "\u0414\u043e\u0431\u0430\u0432\u043b\u0435\u043d\u043e."
  }
},
{
  "model": "admin.logentry",
  "pk": 107,
  "fields": {
    "action_time": "2016-07-22T15:57:52Z",
    "user": [
      "root"
    ],
    "content_type": [
      "edw",
      "datamart"
    ],
    "object_id": "3",
    "object_repr": "Collection 3",
    "action_flag": 1,
    "change_message": "\u0414\u043e\u0431\u0430\u0432\u043b\u0435\u043d\u043e."
  }
},
{
  "model": "admin.logentry",
  "pk": 108,
  "fields": {
    "action_time": "2016-07-22T15:58:08Z",
    "user": [
      "root"
    ],
    "content_type": [
      "edw",
      "datamart"
    ],
    "object_id": "3",
    "object_repr": "Collection 3",
    "action_flag": 2,
    "change_message": "\u0418\u0437\u043c\u0435\u043d\u0435\u043d system_flags \u0438 terms."
  }
},
{
  "model": "admin.logentry",
  "pk": 109,
  "fields": {
    "action_time": "2016-07-22T15:58:16Z",
    "user": [
      "root"
    ],
    "content_type": [
      "edw",
      "datamart"
    ],
    "object_id": "2",
    "object_repr": "Collection 2",
    "action_flag": 2,
    "change_message": "\u0418\u0437\u043c\u0435\u043d\u0435\u043d system_flags \u0438 terms."
  }
},
{
  "model": "admin.logentry",
  "pk": 110,
  "fields": {
    "action_time": "2016-07-25T12:21:23Z",
    "user": [
      "root"
    ],
    "content_type": [
      "edw",
      "datamart"
    ],
    "object_id": "4",
    "object_repr": "Co4",
    "action_flag": 1,
    "change_message": "\u0414\u043e\u0431\u0430\u0432\u043b\u0435\u043d\u043e."
  }
},
{
  "model": "admin.logentry",
  "pk": 111,
  "fields": {
    "action_time": "2016-07-25T12:21:34Z",
    "user": [
      "root"
    ],
    "content_type": [
      "edw",
      "datamart"
    ],
    "object_id": "5",
    "object_repr": "Co5",
    "action_flag": 1,
    "change_message": "\u0414\u043e\u0431\u0430\u0432\u043b\u0435\u043d\u043e."
  }
},
{
  "model": "admin.logentry",
  "pk": 112,
  "fields": {
    "action_time": "2016-07-25T15:15:07Z",
    "user": [
      "root"
    ],
    "content_type": [
      "edw",
      "term"
    ],
    "object_id": "4",
    "object_repr": "Term2_1",
    "action_flag": 1,
    "change_message": "\u0414\u043e\u0431\u0430\u0432\u043b\u0435\u043d\u043e."
  }
},
{
  "model": "admin.logentry",
  "pk": 113,
  "fields": {
    "action_time": "2016-07-25T15:15:23Z",
    "user": [
      "root"
    ],
    "content_type": [
      "edw",
      "term"
    ],
    "object_id": "5",
    "object_repr": "Term2_2",
    "action_flag": 1,
    "change_message": "\u0414\u043e\u0431\u0430\u0432\u043b\u0435\u043d\u043e."
  }
},
{
  "model": "admin.logentry",
  "pk": 114,
  "fields": {
    "action_time": "2016-07-25T16:54:39Z",
    "user": [
      "root"
    ],
    "content_type": [
      "edw",
      "datamart"
    ],
    "object_id": "5",
    "object_repr": "Co5",
    "action_flag": 2,
    "change_message": "\u0418\u0437\u043c\u0435\u043d\u0435\u043d system_flags."
  }
},
{
  "model": "admin.logentry",
  "pk": 115,
  "fields": {
    "action_time": "2016-07-25T16:54:49Z",
    "user": [
      "root"
    ],
    "content_type": [
      "edw",
      "datamart"
    ],
    "object_id": "5",
    "object_repr": "Co5",
    "action_flag": 3,
    "change_message": ""
  }
},
{
  "model": "admin.logentry",
  "pk": 116,
  "fields": {
    "action_time": "2016-07-25T16:55:08Z",
    "user": [
      "root"
    ],
    "content_type": [
      "edw",
      "datamart"
    ],
    "object_id": "5",
    "object_repr": "Co5",
    "action_flag": 2,
    "change_message": "\u0418\u0437\u043c\u0435\u043d\u0435\u043d system_flags."
  }
},
{
  "model": "admin.logentry",
  "pk": 117,
  "fields": {
    "action_time": "2016-07-25T16:55:18Z",
    "user": [
      "root"
    ],
    "content_type": [
      "edw",
      "datamart"
    ],
    "object_id": "5",
    "object_repr": "Co5",
    "action_flag": 3,
    "change_message": ""
  }
},
{
  "model": "admin.logentry",
  "pk": 118,
  "fields": {
    "action_time": "2016-07-25T16:55:29Z",
    "user": [
      "root"
    ],
    "content_type": [
      "edw",
      "datamart"
    ],
    "object_id": "6",
    "object_repr": "Co5",
    "action_flag": 1,
    "change_message": "\u0414\u043e\u0431\u0430\u0432\u043b\u0435\u043d\u043e."
  }
},
{
  "model": "admin.logentry",
  "pk": 119,
  "fields": {
    "action_time": "2016-07-27T11:31:40Z",
    "user": [
      "root"
    ],
    "content_type": [
      "edw",
      "term"
    ],
    "object_id": "2",
    "object_repr": "Term2",
    "action_flag": 2,
    "change_message": "\u0418\u0437\u043c\u0435\u043d\u0435\u043d semantic_rule, attributes \u0438 system_flags."
  }
},
{
  "model": "admin.logentry",
  "pk": 120,
  "fields": {
    "action_time": "2016-07-27T11:39:38Z",
    "user": [
      "root"
    ],
    "content_type": [
      "edw",
      "term"
    ],
    "object_id": "2",
    "object_repr": "\u0422\u0435\u0440\u043c \u21162",
    "action_flag": 2,
    "change_message": "\u0418\u0437\u043c\u0435\u043d\u0435\u043d name, attributes \u0438 system_flags."
  }
},
{
  "model": "admin.logentry",
  "pk": 121,
  "fields": {
    "action_time": "2016-07-28T08:57:06Z",
    "user": [
      "root"
    ],
    "content_type": [
      "edw",
      "term"
    ],
    "object_id": "3",
    "object_repr": "Term3",
    "action_flag": 2,
    "change_message": "\u0418\u0437\u043c\u0435\u043d\u0435\u043d attributes, active \u0438 system_flags."
  }
},
{
  "model": "admin.logentry",
  "pk": 122,
  "fields": {
    "action_time": "2016-07-28T08:57:33Z",
    "user": [
      "root"
    ],
    "content_type": [
      "edw",
      "term"
    ],
    "object_id": "6",
    "object_repr": "Term2_2_1",
    "action_flag": 1,
    "change_message": "\u0414\u043e\u0431\u0430\u0432\u043b\u0435\u043d\u043e."
  }
},
{
  "model": "admin.logentry",
  "pk": 123,
  "fields": {
    "action_time": "2016-07-28T10:37:13Z",
    "user": [
      "root"
    ],
    "content_type": [
      "edw",
      "term"
    ],
    "object_id": "3",
    "object_repr": "Term3",
    "action_flag": 2,
    "change_message": "\u0418\u0437\u043c\u0435\u043d\u0435\u043d attributes, active \u0438 system_flags."
  }
},
{
  "model": "admin.logentry",
  "pk": 124,
  "fields": {
    "action_time": "2016-07-30T13:37:26Z",
    "user": [
      "root"
    ],
    "content_type": [
      "edw",
      "term"
    ],
    "object_id": "3",
    "object_repr": "Term3",
    "action_flag": 2,
    "change_message": "\u0418\u0437\u043c\u0435\u043d\u0435\u043d attributes, active \u0438 system_flags."
  }
},
{
  "model": "admin.logentry",
  "pk": 125,
  "fields": {
    "action_time": "2016-07-31T13:08:13Z",
    "user": [
      "root"
    ],
    "content_type": [
      "edw",
      "term"
    ],
    "object_id": "7",
    "object_repr": "Term1-1",
    "action_flag": 1,
    "change_message": "\u0414\u043e\u0431\u0430\u0432\u043b\u0435\u043d\u043e."
  }
},
{
  "model": "admin.logentry",
  "pk": 126,
  "fields": {
    "action_time": "2016-07-31T13:36:58Z",
    "user": [
      "root"
    ],
    "content_type": [
      "edw",
      "term"
    ],
    "object_id": "1",
    "object_repr": "Term1",
    "action_flag": 2,
    "change_message": "\u0418\u0437\u043c\u0435\u043d\u0435\u043d attributes, specification_mode \u0438 system_flags."
  }
},
{
  "model": "admin.logentry",
  "pk": 127,
  "fields": {
    "action_time": "2016-07-31T14:20:50Z",
    "user": [
      "root"
    ],
    "content_type": [
      "edw",
      "term"
    ],
    "object_id": "2",
    "object_repr": "\u0422\u0435\u0440\u043c \u21162",
    "action_flag": 2,
    "change_message": "\u0418\u0437\u043c\u0435\u043d\u0435\u043d attributes, specification_mode \u0438 system_flags."
  }
},
{
  "model": "admin.logentry",
  "pk": 128,
  "fields": {
    "action_time": "2016-07-31T14:23:57Z",
    "user": [
      "root"
    ],
    "content_type": [
      "edw",
      "term"
    ],
    "object_id": "1",
    "object_repr": "Term1",
    "action_flag": 2,
    "change_message": "\u0418\u0437\u043c\u0435\u043d\u0435\u043d attributes, specification_mode \u0438 system_flags."
  }
},
{
  "model": "admin.logentry",
  "pk": 129,
  "fields": {
    "action_time": "2016-08-02T09:47:59Z",
    "user": [
      "root"
    ],
    "content_type": [
      "edw",
      "term"
    ],
    "object_id": "2",
    "object_repr": "\u0422\u0435\u0440\u043c \u21162",
    "action_flag": 2,
    "change_message": "\u0418\u0437\u043c\u0435\u043d\u0435\u043d attributes \u0438 system_flags."
  }
},
{
  "model": "admin.logentry",
  "pk": 130,
  "fields": {
    "action_time": "2016-08-02T09:48:16Z",
    "user": [
      "root"
    ],
    "content_type": [
      "edw",
      "term"
    ],
    "object_id": "4",
    "object_repr": "Term2_1",
    "action_flag": 2,
    "change_message": "\u0418\u0437\u043c\u0435\u043d\u0435\u043d attributes \u0438 system_flags."
  }
},
{
  "model": "admin.logentry",
  "pk": 131,
  "fields": {
    "action_time": "2016-08-02T09:48:24Z",
    "user": [
      "root"
    ],
    "content_type": [
      "edw",
      "term"
    ],
    "object_id": "5",
    "object_repr": "Term2_2",
    "action_flag": 2,
    "change_message": "\u0418\u0437\u043c\u0435\u043d\u0435\u043d attributes \u0438 system_flags."
  }
},
{
  "model": "admin.logentry",
  "pk": 132,
  "fields": {
    "action_time": "2016-08-02T11:24:05Z",
    "user": [
      "root"
    ],
    "content_type": [
      "edw",
      "term"
    ],
    "object_id": "1",
    "object_repr": "Term1",
    "action_flag": 2,
    "change_message": "\u0418\u0437\u043c\u0435\u043d\u0435\u043d attributes \u0438 system_flags."
  }
},
{
  "model": "admin.logentry",
  "pk": 133,
  "fields": {
    "action_time": "2016-08-02T12:42:52Z",
    "user": [
      "root"
    ],
    "content_type": [
      "edw",
      "datamart"
    ],
    "object_id": "3",
    "object_repr": "Collection 3",
    "action_flag": 2,
    "change_message": "\u0418\u0437\u043c\u0435\u043d\u0435\u043d active \u0438 system_flags."
  }
},
{
  "model": "admin.logentry",
  "pk": 134,
  "fields": {
    "action_time": "2016-08-02T13:47:12Z",
    "user": [
      "root"
    ],
    "content_type": [
      "edw",
      "datamart"
    ],
    "object_id": "7",
    "object_repr": "Collection 2",
    "action_flag": 1,
    "change_message": "\u0414\u043e\u0431\u0430\u0432\u043b\u0435\u043d\u043e."
  }
},
{
  "model": "admin.logentry",
  "pk": 135,
  "fields": {
    "action_time": "2016-08-02T13:47:39Z",
    "user": [
      "root"
    ],
    "content_type": [
      "edw",
      "datamart"
    ],
    "object_id": "2",
    "object_repr": "Collection 2",
    "action_flag": 2,
    "change_message": "\u0418\u0437\u043c\u0435\u043d\u0435\u043d description \u0438 system_flags."
  }
},
{
  "model": "admin.logentry",
  "pk": 136,
  "fields": {
    "action_time": "2016-08-02T13:48:31Z",
    "user": [
      "root"
    ],
    "content_type": [
      "edw",
      "datamart"
    ],
    "object_id": "6",
    "object_repr": "Co5",
    "action_flag": 2,
    "change_message": "\u0418\u0437\u043c\u0435\u043d\u0435\u043d system_flags."
  }
},
{
  "model": "admin.logentry",
  "pk": 137,
  "fields": {
    "action_time": "2016-08-02T13:49:00Z",
    "user": [
      "root"
    ],
    "content_type": [
      "edw",
      "term"
    ],
    "object_id": "1",
    "object_repr": "Term1",
    "action_flag": 2,
    "change_message": "\u0418\u0437\u043c\u0435\u043d\u0435\u043d attributes, view_class \u0438 system_flags."
  }
},
{
  "model": "admin.logentry",
  "pk": 138,
  "fields": {
    "action_time": "2016-08-02T14:14:15Z",
    "user": [
      "root"
    ],
    "content_type": [
      "edw",
      "term"
    ],
    "object_id": "1",
    "object_repr": "Term1",
    "action_flag": 2,
    "change_message": "\u0418\u0437\u043c\u0435\u043d\u0435\u043d attributes, view_class \u0438 system_flags."
  }
},
{
  "model": "admin.logentry",
  "pk": 139,
  "fields": {
    "action_time": "2016-08-02T15:36:55Z",
    "user": [
      "root"
    ],
    "content_type": [
      "edw",
      "term"
    ],
    "object_id": "5",
    "object_repr": "Term2_2",
    "action_flag": 2,
    "change_message": "\u0418\u0437\u043c\u0435\u043d\u0435\u043d attributes, specification_mode \u0438 system_flags."
  }
},
{
  "model": "admin.logentry",
  "pk": 140,
  "fields": {
    "action_time": "2016-08-02T22:17:17Z",
    "user": [
      "root"
    ],
    "content_type": [
      "edw",
      "term"
    ],
    "object_id": "1",
    "object_repr": "Term1 Term1 Term1 Term1 Term1 Term1 Term1 Term1 Term1 Term1 Term1 Term1 Term1 Term1 Term1 Term1 Term1 Term1 Term1 Term1 Term1 Term1 Term1",
    "action_flag": 2,
    "change_message": "\u0418\u0437\u043c\u0435\u043d\u0435\u043d name, attributes \u0438 system_flags."
  }
},
{
  "model": "admin.logentry",
  "pk": 141,
  "fields": {
    "action_time": "2016-08-03T08:03:14Z",
    "user": [
      "root"
    ],
    "content_type": [
      "edw",
      "term"
    ],
    "object_id": "4",
    "object_repr": "Term2_1",
    "action_flag": 2,
    "change_message": "\u0418\u0437\u043c\u0435\u043d\u0435\u043d semantic_rule, attributes \u0438 system_flags."
  }
},
{
  "model": "admin.logentry",
  "pk": 142,
  "fields": {
    "action_time": "2016-08-03T08:03:37Z",
    "user": [
      "root"
    ],
    "content_type": [
      "edw",
      "term"
    ],
    "object_id": "2",
    "object_repr": "\u0422\u0435\u0440\u043c \u21162",
    "action_flag": 2,
    "change_message": "\u0418\u0437\u043c\u0435\u043d\u0435\u043d attributes \u0438 system_flags."
  }
},
{
  "model": "admin.logentry",
  "pk": 143,
  "fields": {
    "action_time": "2016-08-03T14:53:11Z",
    "user": [
      "root"
    ],
    "content_type": [
      "edw",
      "term"
    ],
    "object_id": "5",
    "object_repr": "Term2_2",
    "action_flag": 2,
    "change_message": "\u0418\u0437\u043c\u0435\u043d\u0435\u043d semantic_rule, attributes \u0438 system_flags."
  }
},
{
  "model": "admin.logentry",
  "pk": 144,
  "fields": {
    "action_time": "2016-08-03T15:44:12Z",
    "user": [
      "root"
    ],
    "content_type": [
      "edw",
      "term"
    ],
    "object_id": "7",
    "object_repr": "Term1-1",
    "action_flag": 2,
    "change_message": "\u0418\u0437\u043c\u0435\u043d\u0435\u043d semantic_rule, attributes \u0438 system_flags."
  }
},
{
  "model": "admin.logentry",
  "pk": 145,
  "fields": {
    "action_time": "2016-08-04T14:44:20Z",
    "user": [
      "root"
    ],
    "content_type": [
      "edw",
      "datamart"
    ],
    "object_id": "1",
    "object_repr": "Collection 1",
    "action_flag": 2,
    "change_message": "\u0418\u0437\u043c\u0435\u043d\u0435\u043d system_flags \u0438 terms."
  }
},
{
  "model": "admin.logentry",
  "pk": 146,
  "fields": {
    "action_time": "2016-08-05T09:35:02Z",
    "user": [
      "root"
    ],
    "content_type": [
      "edw",
      "datamart"
    ],
    "object_id": "1",
    "object_repr": "Collection 1",
    "action_flag": 2,
    "change_message": "\u0418\u0437\u043c\u0435\u043d\u0435\u043d system_flags \u0438 terms."
  }
},
{
  "model": "admin.logentry",
  "pk": 147,
  "fields": {
    "action_time": "2016-08-05T09:35:34Z",
    "user": [
      "root"
    ],
    "content_type": [
      "edw",
      "datamart"
    ],
    "object_id": "1",
    "object_repr": "Collection 1",
    "action_flag": 2,
    "change_message": "\u0418\u0437\u043c\u0435\u043d\u0435\u043d system_flags \u0438 terms."
  }
},
{
  "model": "admin.logentry",
  "pk": 148,
  "fields": {
    "action_time": "2016-08-05T09:53:01Z",
    "user": [
      "root"
    ],
    "content_type": [
      "edw",
      "datamart"
    ],
    "object_id": "1",
    "object_repr": "Collection 1",
    "action_flag": 2,
    "change_message": "\u0418\u0437\u043c\u0435\u043d\u0435\u043d system_flags \u0438 terms."
  }
},
{
  "model": "admin.logentry",
  "pk": 149,
  "fields": {
    "action_time": "2016-08-05T09:59:44Z",
    "user": [
      "root"
    ],
    "content_type": [
      "edw",
      "datamart"
    ],
    "object_id": "1",
    "object_repr": "Collection 1",
    "action_flag": 2,
    "change_message": "\u0418\u0437\u043c\u0435\u043d\u0435\u043d system_flags \u0438 terms."
  }
},
{
  "model": "admin.logentry",
  "pk": 150,
  "fields": {
    "action_time": "2016-08-05T10:03:54Z",
    "user": [
      "root"
    ],
    "content_type": [
      "edw",
      "datamart"
    ],
    "object_id": "1",
    "object_repr": "Collection 1",
    "action_flag": 2,
    "change_message": "\u0418\u0437\u043c\u0435\u043d\u0435\u043d system_flags \u0438 terms."
  }
},
{
  "model": "admin.logentry",
  "pk": 151,
  "fields": {
    "action_time": "2016-08-05T11:04:53Z",
    "user": [
      "root"
    ],
    "content_type": [
      "edw",
      "datamart"
    ],
    "object_id": "1",
    "object_repr": "Collection 1",
    "action_flag": 2,
    "change_message": "\u0418\u0437\u043c\u0435\u043d\u0435\u043d system_flags \u0438 terms."
  }
},
{
  "model": "admin.logentry",
  "pk": 152,
  "fields": {
    "action_time": "2016-08-05T12:23:46Z",
    "user": [
      "root"
    ],
    "content_type": [
      "edw",
      "datamart"
    ],
    "object_id": "1",
    "object_repr": "Collection 1",
    "action_flag": 2,
    "change_message": "\u0418\u0437\u043c\u0435\u043d\u0435\u043d system_flags."
  }
},
{
  "model": "admin.logentry",
  "pk": 153,
  "fields": {
    "action_time": "2016-08-07T11:52:44Z",
    "user": [
      "root"
    ],
    "content_type": [
      "edw",
      "datamart"
    ],
    "object_id": "3",
    "object_repr": "Collection 3",
    "action_flag": 2,
    "change_message": "\u0418\u0437\u043c\u0435\u043d\u0435\u043d system_flags."
  }
},
{
  "model": "admin.logentry",
  "pk": 154,
  "fields": {
    "action_time": "2016-08-07T11:53:02Z",
    "user": [
      "root"
    ],
    "content_type": [
      "edw",
      "datamart"
    ],
    "object_id": "3",
    "object_repr": "Collection 3",
    "action_flag": 2,
    "change_message": "\u0418\u0437\u043c\u0435\u043d\u0435\u043d system_flags."
  }
},
{
  "model": "admin.logentry",
  "pk": 155,
  "fields": {
    "action_time": "2016-08-07T11:54:11Z",
    "user": [
      "root"
    ],
    "content_type": [
      "edw",
      "term"
    ],
    "object_id": "7",
    "object_repr": "Term1-1",
    "action_flag": 2,
    "change_message": "\u0418\u0437\u043c\u0435\u043d\u0435\u043d attributes \u0438 system_flags."
  }
},
{
  "model": "admin.logentry",
  "pk": 156,
  "fields": {
    "action_time": "2016-08-07T14:36:11Z",
    "user": [
      "root"
    ],
    "content_type": [
      "edw",
      "term"
    ],
    "object_id": "1",
    "object_repr": "Term1 Term1 Term1 Term1 Term1 Term1 Term1 Term1 Term1 Term1 Term1 Term1 Term1 Term1 Term1 Term1 Term1 Term1 Term1 Term1 Term1 Term1 Term1",
    "action_flag": 2,
    "change_message": "\u0418\u0437\u043c\u0435\u043d\u0435\u043d attributes \u0438 system_flags."
  }
},
{
  "model": "admin.logentry",
  "pk": 157,
  "fields": {
    "action_time": "2016-08-08T12:07:39Z",
    "user": [
      "root"
    ],
    "content_type": [
      "edw",
      "term"
    ],
    "object_id": "8",
    "object_repr": "dfff",
    "action_flag": 1,
    "change_message": "\u0414\u043e\u0431\u0430\u0432\u043b\u0435\u043d\u043e."
  }
},
{
  "model": "admin.logentry",
  "pk": 158,
  "fields": {
    "action_time": "2016-08-08T12:07:59Z",
    "user": [
      "root"
    ],
    "content_type": [
      "edw",
      "term"
    ],
    "object_id": "8",
    "object_repr": "dfff",
    "action_flag": 2,
    "change_message": "\u0418\u0437\u043c\u0435\u043d\u0435\u043d attributes \u0438 system_flags."
  }
},
{
  "model": "admin.logentry",
  "pk": 159,
  "fields": {
    "action_time": "2016-08-08T12:08:10Z",
    "user": [
      "root"
    ],
    "content_type": [
      "edw",
      "term"
    ],
    "object_id": "8",
    "object_repr": "dfff",
    "action_flag": 3,
    "change_message": ""
  }
},
{
  "model": "admin.logentry",
  "pk": 160,
  "fields": {
    "action_time": "2016-08-15T20:07:14Z",
    "user": [
      "root"
    ],
    "content_type": [
      "edw",
      "term"
    ],
    "object_id": "8",
    "object_repr": "test4",
    "action_flag": 1,
    "change_message": "\u0414\u043e\u0431\u0430\u0432\u043b\u0435\u043d\u043e."
  }
},
{
  "model": "admin.logentry",
  "pk": 161,
  "fields": {
    "action_time": "2016-08-15T20:07:23Z",
    "user": [
      "root"
    ],
    "content_type": [
      "edw",
      "term"
    ],
    "object_id": "9",
    "object_repr": "test5",
    "action_flag": 1,
    "change_message": "\u0414\u043e\u0431\u0430\u0432\u043b\u0435\u043d\u043e."
  }
},
{
  "model": "admin.logentry",
  "pk": 162,
  "fields": {
    "action_time": "2016-08-15T20:07:32Z",
    "user": [
      "root"
    ],
    "content_type": [
      "edw",
      "term"
    ],
    "object_id": "10",
    "object_repr": "test6",
    "action_flag": 1,
    "change_message": "\u0414\u043e\u0431\u0430\u0432\u043b\u0435\u043d\u043e."
  }
},
{
  "model": "admin.logentry",
  "pk": 163,
  "fields": {
    "action_time": "2016-08-15T20:07:42Z",
    "user": [
      "root"
    ],
    "content_type": [
      "edw",
      "term"
    ],
    "object_id": "11",
    "object_repr": "test7",
    "action_flag": 1,
    "change_message": "\u0414\u043e\u0431\u0430\u0432\u043b\u0435\u043d\u043e."
  }
},
{
  "model": "admin.logentry",
  "pk": 164,
  "fields": {
    "action_time": "2016-08-15T20:46:40Z",
    "user": [
      "root"
    ],
    "content_type": [
      "edw",
      "term"
    ],
    "object_id": "11",
    "object_repr": "test7",
    "action_flag": 2,
    "change_message": "\u0418\u0437\u043c\u0435\u043d\u0435\u043d parent, attributes \u0438 system_flags."
  }
},
{
  "model": "admin.logentry",
  "pk": 165,
  "fields": {
    "action_time": "2016-08-15T20:56:16Z",
    "user": [
      "root"
    ],
    "content_type": [
      "edw",
      "term"
    ],
    "object_id": "11",
    "object_repr": "test7",
    "action_flag": 2,
    "change_message": "\u0418\u0437\u043c\u0435\u043d\u0435\u043d parent, attributes \u0438 system_flags."
  }
},
{
  "model": "admin.logentry",
  "pk": 166,
  "fields": {
    "action_time": "2016-08-15T21:25:18Z",
    "user": [
      "root"
    ],
    "content_type": [
      "edw",
      "term"
    ],
    "object_id": "11",
    "object_repr": "test7",
    "action_flag": 2,
    "change_message": "\u0418\u0437\u043c\u0435\u043d\u0435\u043d parent, attributes \u0438 system_flags."
  }
},
{
  "model": "admin.logentry",
  "pk": 167,
  "fields": {
    "action_time": "2016-08-15T21:25:57Z",
    "user": [
      "root"
    ],
    "content_type": [
      "edw",
      "term"
    ],
    "object_id": "11",
    "object_repr": "test7",
    "action_flag": 2,
    "change_message": "\u0418\u0437\u043c\u0435\u043d\u0435\u043d attributes \u0438 system_flags."
  }
},
{
  "model": "admin.logentry",
  "pk": 168,
  "fields": {
    "action_time": "2016-08-15T21:26:13Z",
    "user": [
      "root"
    ],
    "content_type": [
      "edw",
      "term"
    ],
    "object_id": "11",
    "object_repr": "test7",
    "action_flag": 2,
    "change_message": "\u0418\u0437\u043c\u0435\u043d\u0435\u043d parent, attributes \u0438 system_flags."
  }
},
{
  "model": "admin.logentry",
  "pk": 169,
  "fields": {
    "action_time": "2016-08-15T21:27:09Z",
    "user": [
      "root"
    ],
    "content_type": [
      "edw",
      "term"
    ],
    "object_id": "11",
    "object_repr": "test7",
    "action_flag": 2,
    "change_message": "\u0418\u0437\u043c\u0435\u043d\u0435\u043d parent, attributes \u0438 system_flags."
  }
},
{
  "model": "admin.logentry",
  "pk": 170,
  "fields": {
    "action_time": "2016-08-15T21:27:26Z",
    "user": [
      "root"
    ],
    "content_type": [
      "edw",
      "term"
    ],
    "object_id": "11",
    "object_repr": "test7",
    "action_flag": 2,
    "change_message": "\u0418\u0437\u043c\u0435\u043d\u0435\u043d attributes \u0438 system_flags."
  }
},
{
  "model": "admin.logentry",
  "pk": 171,
  "fields": {
    "action_time": "2016-08-15T21:27:39Z",
    "user": [
      "root"
    ],
    "content_type": [
      "edw",
      "term"
    ],
    "object_id": "12",
    "object_repr": "terrm9",
    "action_flag": 1,
    "change_message": "\u0414\u043e\u0431\u0430\u0432\u043b\u0435\u043d\u043e."
  }
},
{
  "model": "admin.logentry",
  "pk": 172,
  "fields": {
    "action_time": "2016-08-15T22:56:14Z",
    "user": [
      "root"
    ],
    "content_type": [
      "edw",
      "term"
    ],
    "object_id": "12",
    "object_repr": "terrm9",
    "action_flag": 2,
    "change_message": "\u0418\u0437\u043c\u0435\u043d\u0435\u043d parent, attributes \u0438 system_flags."
  }
},
{
  "model": "admin.logentry",
  "pk": 173,
  "fields": {
    "action_time": "2016-08-15T23:26:52Z",
    "user": [
      "root"
    ],
    "content_type": [
      "edw",
      "term"
    ],
    "object_id": "9",
    "object_repr": "test5",
    "action_flag": 2,
    "change_message": "\u0418\u0437\u043c\u0435\u043d\u0435\u043d attributes \u0438 system_flags."
  }
},
{
  "model": "admin.logentry",
  "pk": 174,
  "fields": {
    "action_time": "2016-08-15T23:27:23Z",
    "user": [
      "root"
    ],
    "content_type": [
      "edw",
      "term"
    ],
    "object_id": "11",
    "object_repr": "test7",
    "action_flag": 2,
    "change_message": "\u0418\u0437\u043c\u0435\u043d\u0435\u043d attributes \u0438 system_flags."
  }
},
{
  "model": "admin.logentry",
  "pk": 175,
  "fields": {
    "action_time": "2016-08-16T00:00:50Z",
    "user": [
      "root"
    ],
    "content_type": [
      "edw",
      "term"
    ],
    "object_id": "2",
    "object_repr": "\u0422\u0435\u0440\u043c \u21162",
    "action_flag": 2,
    "change_message": "\u0418\u0437\u043c\u0435\u043d\u0435\u043d attributes, active \u0438 system_flags."
  }
},
{
  "model": "admin.logentry",
  "pk": 176,
  "fields": {
    "action_time": "2016-08-16T00:02:05Z",
    "user": [
      "root"
    ],
    "content_type": [
      "edw",
      "term"
    ],
    "object_id": "2",
    "object_repr": "\u0422\u0435\u0440\u043c \u21162",
    "action_flag": 2,
    "change_message": "\u0418\u0437\u043c\u0435\u043d\u0435\u043d attributes, active \u0438 system_flags."
  }
},
{
  "model": "admin.logentry",
  "pk": 177,
  "fields": {
    "action_time": "2016-08-16T00:06:36Z",
    "user": [
      "root"
    ],
    "content_type": [
      "edw",
      "term"
    ],
    "object_id": "2",
    "object_repr": "\u0422\u0435\u0440\u043c \u21162",
    "action_flag": 2,
    "change_message": "\u0418\u0437\u043c\u0435\u043d\u0435\u043d attributes, active \u0438 system_flags."
  }
},
{
  "model": "admin.logentry",
  "pk": 178,
  "fields": {
    "action_time": "2016-08-16T00:11:33Z",
    "user": [
      "root"
    ],
    "content_type": [
      "edw",
      "term"
    ],
    "object_id": "2",
    "object_repr": "\u0422\u0435\u0440\u043c \u21162",
    "action_flag": 2,
    "change_message": "\u0418\u0437\u043c\u0435\u043d\u0435\u043d attributes, active \u0438 system_flags."
  }
},
{
  "model": "admin.logentry",
  "pk": 179,
  "fields": {
    "action_time": "2016-08-16T00:11:54Z",
    "user": [
      "root"
    ],
    "content_type": [
      "edw",
      "term"
    ],
    "object_id": "2",
    "object_repr": "\u0422\u0435\u0440\u043c \u21162",
    "action_flag": 2,
    "change_message": "\u0418\u0437\u043c\u0435\u043d\u0435\u043d slug, attributes \u0438 system_flags."
  }
},
{
  "model": "admin.logentry",
  "pk": 180,
  "fields": {
    "action_time": "2016-08-16T00:12:20Z",
    "user": [
      "root"
    ],
    "content_type": [
      "edw",
      "term"
    ],
    "object_id": "2",
    "object_repr": "\u0422\u0435\u0440\u043c \u21162",
    "action_flag": 2,
    "change_message": "\u0418\u0437\u043c\u0435\u043d\u0435\u043d attributes, active \u0438 system_flags."
  }
},
{
  "model": "admin.logentry",
  "pk": 181,
  "fields": {
    "action_time": "2016-08-16T00:51:39Z",
    "user": [
      "root"
    ],
    "content_type": [
      "edw",
      "term"
    ],
    "object_id": "2",
    "object_repr": "\u0422\u0435\u0440\u043c \u21162",
    "action_flag": 2,
    "change_message": "\u0418\u0437\u043c\u0435\u043d\u0435\u043d attributes \u0438 system_flags."
  }
},
{
  "model": "admin.logentry",
  "pk": 182,
  "fields": {
    "action_time": "2016-08-16T11:18:47Z",
    "user": [
      "root"
    ],
    "content_type": [
      "edw",
      "term"
    ],
    "object_id": "5",
    "object_repr": "Term2_2",
    "action_flag": 2,
    "change_message": "\u0418\u0437\u043c\u0435\u043d\u0435\u043d attributes, active \u0438 system_flags."
  }
},
{
  "model": "admin.logentry",
  "pk": 183,
  "fields": {
    "action_time": "2016-08-16T11:21:45Z",
    "user": [
      "root"
    ],
    "content_type": [
      "edw",
      "term"
    ],
    "object_id": "5",
    "object_repr": "Term2_2",
    "action_flag": 2,
    "change_message": "\u0418\u0437\u043c\u0435\u043d\u0435\u043d attributes, active \u0438 system_flags."
  }
},
{
  "model": "admin.logentry",
  "pk": 184,
  "fields": {
    "action_time": "2016-08-16T11:30:39Z",
    "user": [
      "root"
    ],
    "content_type": [
      "edw",
      "term"
    ],
    "object_id": "1",
    "object_repr": "Term1 Term1 Term1 Term1 Term1 Term1 Term1 Term1 Term1 Term1 Term1 Term1 Term1 Term1 Term1 Term1 Term1 Term1 Term1 Term1 Term1 Term1 Term1",
    "action_flag": 2,
    "change_message": "\u0418\u0437\u043c\u0435\u043d\u0435\u043d attributes, active \u0438 system_flags."
  }
},
{
  "model": "admin.logentry",
  "pk": 185,
  "fields": {
    "action_time": "2016-08-16T11:31:08Z",
    "user": [
      "root"
    ],
    "content_type": [
      "edw",
      "term"
    ],
    "object_id": "2",
    "object_repr": "\u0422\u0435\u0440\u043c \u21162",
    "action_flag": 2,
    "change_message": "\u0418\u0437\u043c\u0435\u043d\u0435\u043d attributes, active \u0438 system_flags."
  }
},
{
  "model": "admin.logentry",
  "pk": 186,
  "fields": {
    "action_time": "2016-08-16T11:31:26Z",
    "user": [
      "root"
    ],
    "content_type": [
      "edw",
      "term"
    ],
    "object_id": "1",
    "object_repr": "Term1 Term1 Term1 Term1 Term1 Term1 Term1 Term1 Term1 Term1 Term1 Term1 Term1 Term1 Term1 Term1 Term1 Term1 Term1 Term1 Term1 Term1 Term1",
    "action_flag": 2,
    "change_message": "\u0418\u0437\u043c\u0435\u043d\u0435\u043d attributes, active \u0438 system_flags."
  }
},
{
  "model": "admin.logentry",
  "pk": 187,
  "fields": {
    "action_time": "2016-08-16T11:31:34Z",
    "user": [
      "root"
    ],
    "content_type": [
      "edw",
      "term"
    ],
    "object_id": "1",
    "object_repr": "Term1 Term1 Term1 Term1 Term1 Term1 Term1 Term1 Term1 Term1 Term1 Term1 Term1 Term1 Term1 Term1 Term1 Term1 Term1 Term1 Term1 Term1 Term1",
    "action_flag": 2,
    "change_message": "\u0418\u0437\u043c\u0435\u043d\u0435\u043d attributes, active \u0438 system_flags."
  }
},
{
  "model": "admin.logentry",
  "pk": 188,
  "fields": {
    "action_time": "2016-08-16T12:07:37Z",
    "user": [
      "root"
    ],
    "content_type": [
      "edw",
      "term"
    ],
    "object_id": "5",
    "object_repr": "Term2_2",
    "action_flag": 2,
    "change_message": "\u0418\u0437\u043c\u0435\u043d\u0435\u043d attributes, active \u0438 system_flags."
  }
},
{
  "model": "admin.logentry",
  "pk": 189,
  "fields": {
    "action_time": "2016-08-16T12:08:54Z",
    "user": [
      "root"
    ],
    "content_type": [
      "edw",
      "term"
    ],
    "object_id": "5",
    "object_repr": "Term2_2",
    "action_flag": 2,
    "change_message": "\u0418\u0437\u043c\u0435\u043d\u0435\u043d attributes, active \u0438 system_flags."
  }
},
{
  "model": "admin.logentry",
  "pk": 190,
  "fields": {
    "action_time": "2016-08-16T12:11:33Z",
    "user": [
      "root"
    ],
    "content_type": [
      "edw",
      "term"
    ],
    "object_id": "5",
    "object_repr": "Term2_2",
    "action_flag": 2,
    "change_message": "\u0418\u0437\u043c\u0435\u043d\u0435\u043d attributes, active \u0438 system_flags."
  }
},
{
  "model": "admin.logentry",
  "pk": 191,
  "fields": {
    "action_time": "2016-08-16T12:11:52Z",
    "user": [
      "root"
    ],
    "content_type": [
      "edw",
      "term"
    ],
    "object_id": "5",
    "object_repr": "Term2_2",
    "action_flag": 2,
    "change_message": "\u0418\u0437\u043c\u0435\u043d\u0435\u043d attributes, active \u0438 system_flags."
  }
},
{
  "model": "admin.logentry",
  "pk": 192,
  "fields": {
    "action_time": "2016-08-16T12:54:23Z",
    "user": [
      "root"
    ],
    "content_type": [
      "edw",
      "datamart"
    ],
    "object_id": "4",
    "object_repr": "Co4",
    "action_flag": 2,
    "change_message": "\u0418\u0437\u043c\u0435\u043d\u0435\u043d active \u0438 system_flags."
  }
},
{
  "model": "admin.logentry",
  "pk": 193,
  "fields": {
    "action_time": "2016-08-16T12:54:34Z",
    "user": [
      "root"
    ],
    "content_type": [
      "edw",
      "datamart"
    ],
    "object_id": "4",
    "object_repr": "Co4",
    "action_flag": 2,
    "change_message": "\u0418\u0437\u043c\u0435\u043d\u0435\u043d active \u0438 system_flags."
  }
},
{
  "model": "admin.logentry",
  "pk": 194,
  "fields": {
    "action_time": "2016-08-16T13:18:13Z",
    "user": [
      "root"
    ],
    "content_type": [
      "edw",
      "datamart"
    ],
    "object_id": "4",
    "object_repr": "Co4",
    "action_flag": 2,
    "change_message": "\u0418\u0437\u043c\u0435\u043d\u0435\u043d system_flags."
  }
},
{
  "model": "admin.logentry",
  "pk": 195,
  "fields": {
    "action_time": "2016-08-16T13:22:56Z",
    "user": [
      "root"
    ],
    "content_type": [
      "edw",
      "datamart"
    ],
    "object_id": "4",
    "object_repr": "Co4",
    "action_flag": 2,
    "change_message": "\u0418\u0437\u043c\u0435\u043d\u0435\u043d system_flags."
  }
},
{
  "model": "admin.logentry",
  "pk": 196,
  "fields": {
    "action_time": "2016-08-16T13:24:13Z",
    "user": [
      "root"
    ],
    "content_type": [
      "edw",
      "datamart"
    ],
    "object_id": "7",
    "object_repr": "Collection 2",
    "action_flag": 2,
    "change_message": "\u0418\u0437\u043c\u0435\u043d\u0435\u043d active \u0438 system_flags."
  }
},
{
  "model": "admin.logentry",
  "pk": 197,
  "fields": {
    "action_time": "2016-08-16T13:24:17Z",
    "user": [
      "root"
    ],
    "content_type": [
      "edw",
      "datamart"
    ],
    "object_id": "7",
    "object_repr": "Collection 2",
    "action_flag": 2,
    "change_message": "\u0418\u0437\u043c\u0435\u043d\u0435\u043d system_flags."
  }
},
{
  "model": "admin.logentry",
  "pk": 198,
  "fields": {
    "action_time": "2016-08-16T21:08:24Z",
    "user": [
      "root"
    ],
    "content_type": [
      "edw",
      "term"
    ],
    "object_id": "3",
    "object_repr": "Term3",
    "action_flag": 2,
    "change_message": "\u0418\u0437\u043c\u0435\u043d\u0435\u043d attributes, active \u0438 system_flags."
  }
},
{
  "model": "admin.logentry",
  "pk": 199,
  "fields": {
    "action_time": "2016-08-16T21:08:44Z",
    "user": [
      "root"
    ],
    "content_type": [
      "edw",
      "term"
    ],
    "object_id": "3",
    "object_repr": "Term3",
    "action_flag": 2,
    "change_message": "\u0418\u0437\u043c\u0435\u043d\u0435\u043d attributes, active \u0438 system_flags."
  }
},
{
  "model": "admin.logentry",
  "pk": 200,
  "fields": {
    "action_time": "2016-08-16T23:35:00Z",
    "user": [
      "root"
    ],
    "content_type": [
      "edw",
      "adultbook"
    ],
    "object_id": "2",
    "object_repr": "Hastler1",
    "action_flag": 2,
    "change_message": "\u0418\u0437\u043c\u0435\u043d\u0435\u043d terms."
  }
},
{
  "model": "admin.logentry",
  "pk": 201,
  "fields": {
    "action_time": "2016-08-17T08:39:18Z",
    "user": [
      "root"
    ],
    "content_type": [
      "edw",
      "adultbook"
    ],
    "object_id": "2",
    "object_repr": "Hastler1",
    "action_flag": 2,
    "change_message": "\u0418\u0437\u043c\u0435\u043d\u0435\u043d terms."
  }
},
{
  "model": "admin.logentry",
  "pk": 202,
  "fields": {
    "action_time": "2016-08-17T08:39:33Z",
    "user": [
      "root"
    ],
    "content_type": [
      "edw",
      "adultbook"
    ],
    "object_id": "2",
    "object_repr": "Hastler1",
    "action_flag": 2,
    "change_message": "\u0418\u0437\u043c\u0435\u043d\u0435\u043d terms."
  }
},
{
  "model": "admin.logentry",
  "pk": 203,
  "fields": {
    "action_time": "2016-08-17T08:43:01Z",
    "user": [
      "root"
    ],
    "content_type": [
      "edw",
      "datamart"
    ],
    "object_id": "3",
    "object_repr": "Collection 3",
    "action_flag": 2,
    "change_message": "\u0418\u0437\u043c\u0435\u043d\u0435\u043d system_flags \u0438 terms."
  }
},
{
  "model": "admin.logentry",
  "pk": 204,
  "fields": {
    "action_time": "2016-08-17T10:04:58Z",
    "user": [
      "root"
    ],
    "content_type": [
      "edw",
      "datamart"
    ],
    "object_id": "1",
    "object_repr": "Collection 1",
    "action_flag": 2,
    "change_message": "\u0418\u0437\u043c\u0435\u043d\u0435\u043d system_flags \u0438 terms."
  }
},
{
  "model": "admin.logentry",
  "pk": 205,
  "fields": {
    "action_time": "2016-08-17T11:09:41Z",
    "user": [
      "root"
    ],
    "content_type": [
      "edw",
      "term"
    ],
    "object_id": "2",
    "object_repr": "\u0422\u0435\u0440\u043c \u21162",
    "action_flag": 2,
    "change_message": "\u0418\u0437\u043c\u0435\u043d\u0435\u043d semantic_rule, attributes \u0438 system_flags."
  }
},
{
  "model": "admin.logentry",
  "pk": 206,
  "fields": {
    "action_time": "2016-08-17T11:10:01Z",
    "user": [
      "root"
    ],
    "content_type": [
      "edw",
      "term"
    ],
    "object_id": "1",
    "object_repr": "Term1 Term1 Term1 Term1 Term1 Term1 Term1 Term1 Term1 Term1 Term1 Term1 Term1 Term1 Term1 Term1 Term1 Term1 Term1 Term1 Term1 Term1 Term1",
    "action_flag": 2,
    "change_message": "\u0418\u0437\u043c\u0435\u043d\u0435\u043d semantic_rule, attributes \u0438 system_flags."
  }
},
{
  "model": "admin.logentry",
  "pk": 207,
  "fields": {
    "action_time": "2016-08-17T11:15:13Z",
    "user": [
      "root"
    ],
    "content_type": [
      "edw",
      "adultbook"
    ],
    "object_id": "2",
    "object_repr": "Hastler1",
    "action_flag": 2,
    "change_message": "\u0418\u0437\u043c\u0435\u043d\u0435\u043d terms."
  }
},
{
  "model": "admin.logentry",
  "pk": 208,
  "fields": {
    "action_time": "2016-08-17T15:12:05Z",
    "user": [
      "root"
    ],
    "content_type": [
      "edw",
      "adultbook"
    ],
    "object_id": "2",
    "object_repr": "Hastler1",
    "action_flag": 2,
    "change_message": "\u0418\u0437\u043c\u0435\u043d\u0435\u043d terms."
  }
},
{
  "model": "admin.logentry",
  "pk": 209,
  "fields": {
    "action_time": "2016-08-17T15:12:18Z",
    "user": [
      "root"
    ],
    "content_type": [
      "edw",
      "adultbook"
    ],
    "object_id": "2",
    "object_repr": "Hastler1",
    "action_flag": 2,
    "change_message": "\u0418\u0437\u043c\u0435\u043d\u0435\u043d terms."
  }
},
{
  "model": "admin.logentry",
  "pk": 210,
  "fields": {
    "action_time": "2016-08-17T16:34:14Z",
    "user": [
      "root"
    ],
    "content_type": [
      "edw",
      "adultbook"
    ],
    "object_id": "2",
    "object_repr": "Hastler1",
    "action_flag": 2,
    "change_message": "\u0418\u0437\u043c\u0435\u043d\u0435\u043d terms."
  }
},
{
  "model": "admin.logentry",
  "pk": 211,
  "fields": {
    "action_time": "2016-08-17T16:34:26Z",
    "user": [
      "root"
    ],
    "content_type": [
      "edw",
      "adultbook"
    ],
    "object_id": "2",
    "object_repr": "Hastler1",
    "action_flag": 2,
    "change_message": "\u0418\u0437\u043c\u0435\u043d\u0435\u043d terms."
  }
},
{
  "model": "admin.logentry",
  "pk": 212,
  "fields": {
    "action_time": "2016-08-17T16:34:42Z",
    "user": [
      "root"
    ],
    "content_type": [
      "edw",
      "adultbook"
    ],
    "object_id": "2",
    "object_repr": "Hastler1",
    "action_flag": 2,
    "change_message": "\u0418\u0437\u043c\u0435\u043d\u0435\u043d terms."
  }
},
{
  "model": "admin.logentry",
  "pk": 213,
  "fields": {
    "action_time": "2016-08-17T16:34:53Z",
    "user": [
      "root"
    ],
    "content_type": [
      "edw",
      "adultbook"
    ],
    "object_id": "2",
    "object_repr": "Hastler1",
    "action_flag": 2,
    "change_message": "\u0418\u0437\u043c\u0435\u043d\u0435\u043d terms."
  }
},
{
  "model": "admin.logentry",
  "pk": 214,
  "fields": {
    "action_time": "2016-08-17T16:35:18Z",
    "user": [
      "root"
    ],
    "content_type": [
      "edw",
      "adultbook"
    ],
    "object_id": "2",
    "object_repr": "Hastler1",
    "action_flag": 2,
    "change_message": "\u0418\u0437\u043c\u0435\u043d\u0435\u043d terms."
  }
},
{
  "model": "admin.logentry",
  "pk": 215,
  "fields": {
    "action_time": "2016-08-17T16:48:21Z",
    "user": [
      "root"
    ],
    "content_type": [
      "edw",
      "adultbook"
    ],
    "object_id": "2",
    "object_repr": "Hastler1",
    "action_flag": 2,
    "change_message": "\u0418\u0437\u043c\u0435\u043d\u0435\u043d terms."
  }
},
{
  "model": "admin.logentry",
  "pk": 216,
  "fields": {
    "action_time": "2016-08-17T16:48:40Z",
    "user": [
      "root"
    ],
    "content_type": [
      "edw",
      "adultbook"
    ],
    "object_id": "2",
    "object_repr": "Hastler1",
    "action_flag": 2,
    "change_message": "\u0418\u0437\u043c\u0435\u043d\u0435\u043d terms."
  }
},
{
  "model": "admin.logentry",
  "pk": 217,
  "fields": {
    "action_time": "2016-08-17T17:20:25Z",
    "user": [
      "root"
    ],
    "content_type": [
      "edw",
      "term"
    ],
    "object_id": "1",
    "object_repr": "Term1 Term1 Term1 Term1 Term1 Term1 Term1 Term1 Term1 Term1 Term1 Term1 Term1 Term1 Term1 Term1 Term1 Term1 Term1 Term1 Term1 Term1 Term1",
    "action_flag": 2,
    "change_message": "\u0418\u0437\u043c\u0435\u043d\u0435\u043d attributes, view_class \u0438 system_flags."
  }
},
{
  "model": "admin.logentry",
  "pk": 218,
  "fields": {
    "action_time": "2016-08-17T17:20:31Z",
    "user": [
      "root"
    ],
    "content_type": [
      "edw",
      "term"
    ],
    "object_id": "1",
    "object_repr": "Term1 Term1 Term1 Term1 Term1 Term1 Term1 Term1 Term1 Term1 Term1 Term1 Term1 Term1 Term1 Term1 Term1 Term1 Term1 Term1 Term1 Term1 Term1",
    "action_flag": 2,
    "change_message": "\u0418\u0437\u043c\u0435\u043d\u0435\u043d attributes \u0438 system_flags."
  }
},
{
  "model": "admin.logentry",
  "pk": 219,
  "fields": {
    "action_time": "2016-08-18T09:29:06Z",
    "user": [
      "root"
    ],
    "content_type": [
      "edw",
      "adultbook"
    ],
    "object_id": "2",
    "object_repr": "Hastler1",
    "action_flag": 2,
    "change_message": "\u0418\u0437\u043c\u0435\u043d\u0435\u043d active."
  }
},
{
  "model": "admin.logentry",
  "pk": 220,
  "fields": {
    "action_time": "2016-08-18T16:07:43Z",
    "user": [
      "root"
    ],
    "content_type": [
      "edw",
      "term"
    ],
    "object_id": "8",
    "object_repr": "test4",
    "action_flag": 2,
    "change_message": "\u0418\u0437\u043c\u0435\u043d\u0435\u043d attributes \u0438 system_flags."
  }
},
{
  "model": "admin.logentry",
  "pk": 221,
  "fields": {
    "action_time": "2016-08-18T16:13:09Z",
    "user": [
      "root"
    ],
    "content_type": [
      "edw",
      "datamart"
    ],
    "object_id": "7",
    "object_repr": "Collection 2",
    "action_flag": 2,
    "change_message": "\u0418\u0437\u043c\u0435\u043d\u0435\u043d system_flags."
  }
},
{
  "model": "admin.logentry",
  "pk": 222,
  "fields": {
    "action_time": "2016-08-18T16:18:55Z",
    "user": [
      "root"
    ],
    "content_type": [
      "edw",
      "datamart"
    ],
    "object_id": "1",
    "object_repr": "Collection 1",
    "action_flag": 2,
    "change_message": "\u0418\u0437\u043c\u0435\u043d\u0435\u043d view_class \u0438 system_flags."
  }
},
{
  "model": "admin.logentry",
  "pk": 223,
  "fields": {
    "action_time": "2016-08-18T16:19:05Z",
    "user": [
      "root"
    ],
    "content_type": [
      "edw",
      "datamart"
    ],
    "object_id": "7",
    "object_repr": "Collection 2",
    "action_flag": 2,
    "change_message": "\u0418\u0437\u043c\u0435\u043d\u0435\u043d view_class \u0438 system_flags."
  }
},
{
  "model": "admin.logentry",
  "pk": 224,
  "fields": {
    "action_time": "2016-08-18T17:07:36Z",
    "user": [
      "root"
    ],
    "content_type": [
      "edw",
      "datamart"
    ],
    "object_id": "7",
    "object_repr": "Collection 2",
    "action_flag": 2,
    "change_message": "\u0418\u0437\u043c\u0435\u043d\u0435\u043d view_class \u0438 system_flags."
  }
},
{
  "model": "admin.logentry",
  "pk": 225,
  "fields": {
    "action_time": "2016-08-18T19:37:10Z",
    "user": [
      "root"
    ],
    "content_type": [
      "edw",
      "term"
    ],
    "object_id": "5",
    "object_repr": "Term2_2",
    "action_flag": 2,
    "change_message": "\u0418\u0437\u043c\u0435\u043d\u0435\u043d attributes \u0438 system_flags."
  }
},
{
  "model": "admin.logentry",
  "pk": 226,
  "fields": {
    "action_time": "2016-08-18T20:12:44Z",
    "user": [
      "root"
    ],
    "content_type": [
      "edw",
      "term"
    ],
    "object_id": "1",
    "object_repr": "Term1 Term1 Term1 Term1 Term1 Term1 Term1 Term1 Term1 Term1 Term1 Term1 Term1 Term1 Term1 Term1 Term1 Term1 Term1 Term1 Term1 Term1 Term1",
    "action_flag": 2,
    "change_message": "\u0418\u0437\u043c\u0435\u043d\u0435\u043d attributes, specification_mode \u0438 system_flags."
  }
},
{
  "model": "admin.logentry",
  "pk": 227,
  "fields": {
    "action_time": "2016-08-19T09:23:34Z",
    "user": [
      "root"
    ],
    "content_type": [
      "edw",
      "term"
    ],
    "object_id": "1",
    "object_repr": "Term1 Term1 Term1 Term1 Term1 Term1 Term1 Term1 Term1 Term1 Term1 Term1 Term1 Term1 Term1 Term1 Term1 Term1 Term1 Term1 Term1 Term1 Term1",
    "action_flag": 2,
    "change_message": "\u0418\u0437\u043c\u0435\u043d\u0435\u043d attributes, specification_mode \u0438 system_flags."
  }
},
{
  "model": "admin.logentry",
  "pk": 228,
  "fields": {
    "action_time": "2016-08-19T10:14:39Z",
    "user": [
      "root"
    ],
    "content_type": [
      "edw",
      "adultbook"
    ],
    "object_id": "2",
    "object_repr": "Hastler1",
    "action_flag": 2,
    "change_message": "\u041d\u0438 \u043e\u0434\u043d\u043e \u043f\u043e\u043b\u0435 \u043d\u0435 \u0438\u0437\u043c\u0435\u043d\u0435\u043d\u043e."
  }
},
{
  "model": "admin.logentry",
  "pk": 229,
  "fields": {
    "action_time": "2016-08-19T13:58:19Z",
    "user": [
      "root"
    ],
    "content_type": [
      "edw",
      "term"
    ],
    "object_id": "12",
    "object_repr": "terrm9",
    "action_flag": 2,
    "change_message": "\u0418\u0437\u043c\u0435\u043d\u0435\u043d semantic_rule, attributes \u0438 system_flags."
  }
},
{
  "model": "admin.logentry",
  "pk": 230,
  "fields": {
    "action_time": "2016-08-19T13:58:42Z",
    "user": [
      "root"
    ],
    "content_type": [
      "edw",
      "term"
    ],
    "object_id": "10",
    "object_repr": "test6",
    "action_flag": 2,
    "change_message": "\u0418\u0437\u043c\u0435\u043d\u0435\u043d semantic_rule, attributes \u0438 system_flags."
  }
},
{
  "model": "admin.logentry",
  "pk": 231,
  "fields": {
    "action_time": "2016-08-19T14:39:15Z",
    "user": [
      "root"
    ],
    "content_type": [
      "edw",
      "childbook"
    ],
    "object_id": "1",
    "object_repr": "Book1",
    "action_flag": 2,
    "change_message": "\u0418\u0437\u043c\u0435\u043d\u0435\u043d terms."
  }
},
{
  "model": "admin.logentry",
  "pk": 232,
  "fields": {
    "action_time": "2016-08-19T14:39:34Z",
    "user": [
      "root"
    ],
    "content_type": [
      "edw",
      "adultbook"
    ],
    "object_id": "2",
    "object_repr": "Hastler1",
    "action_flag": 2,
    "change_message": "\u0418\u0437\u043c\u0435\u043d\u0435\u043d active."
  }
},
{
  "model": "admin.logentry",
  "pk": 233,
  "fields": {
    "action_time": "2016-08-19T20:36:50Z",
    "user": [
      "root"
    ],
    "content_type": [
      "edw",
      "adultbook"
    ],
    "object_id": "2",
    "object_repr": "Hastler1",
    "action_flag": 2,
    "change_message": "\u0418\u0437\u043c\u0435\u043d\u0435\u043d terms."
  }
},
{
  "model": "admin.logentry",
  "pk": 234,
  "fields": {
    "action_time": "2016-08-23T00:38:59Z",
    "user": [
      "root"
    ],
    "content_type": [
      "edw",
      "adultbook"
    ],
    "object_id": "2",
    "object_repr": "Hastler1",
    "action_flag": 2,
    "change_message": "\u0418\u0437\u043c\u0435\u043d\u0435\u043d terms."
  }
},
{
  "model": "admin.logentry",
  "pk": 235,
  "fields": {
    "action_time": "2016-08-23T00:39:17Z",
    "user": [
      "root"
    ],
    "content_type": [
      "edw",
      "adultbook"
    ],
    "object_id": "2",
    "object_repr": "Hastler1",
    "action_flag": 2,
    "change_message": "\u0418\u0437\u043c\u0435\u043d\u0435\u043d terms."
  }
},
{
  "model": "admin.logentry",
  "pk": 236,
  "fields": {
    "action_time": "2016-08-26T19:51:52Z",
    "user": [
      "root"
    ],
    "content_type": [
      "edw",
      "childbook"
    ],
    "object_id": "3",
    "object_repr": "\u041c\u0443\u043c\u0443",
    "action_flag": 1,
    "change_message": "\u0414\u043e\u0431\u0430\u0432\u043b\u0435\u043d\u043e."
  }
},
{
  "model": "admin.logentry",
  "pk": 237,
  "fields": {
    "action_time": "2016-08-27T07:53:31Z",
    "user": [
      "root"
    ],
    "content_type": [
      "edw",
      "adultbook"
    ],
    "object_id": "2",
    "object_repr": "Hastler1",
    "action_flag": 2,
    "change_message": "\u0414\u043e\u0431\u0430\u0432\u043b\u0435\u043d Additional Entity Characteristic or Mark \"AdditionalEntityCharacteristicOrMark object\"."
  }
},
{
  "model": "admin.logentry",
  "pk": 238,
  "fields": {
    "action_time": "2016-08-27T07:54:22Z",
    "user": [
      "root"
    ],
    "content_type": [
      "edw",
      "childbook"
    ],
    "object_id": "3",
    "object_repr": "\u041c\u0443\u043c\u0443",
    "action_flag": 2,
    "change_message": "\u0414\u043e\u0431\u0430\u0432\u043b\u0435\u043d Additional Entity Characteristic or Mark \"AdditionalEntityCharacteristicOrMark object\"."
  }
},
{
  "model": "admin.logentry",
  "pk": 239,
  "fields": {
    "action_time": "2016-08-28T08:26:25Z",
    "user": [
      "root"
    ],
    "content_type": [
      "edw",
      "adultbook"
    ],
    "object_id": "2",
    "object_repr": "Hastler1",
    "action_flag": 2,
    "change_message": "\u0414\u043e\u0431\u0430\u0432\u043b\u0435\u043d \u0434\u043e\u043f\u043e\u043b\u043d\u0438\u0442\u0435\u043b\u044c\u043d\u0430\u044f \u0445\u0430\u0440\u0430\u043a\u0442\u0435\u0440\u0438\u0441\u0442\u0438\u043a\u0430 \u0438\u043b\u0438 \u043c\u0435\u0442\u043a\u0430 \"test4: additional value\"."
  }
},
{
  "model": "admin.logentry",
  "pk": 240,
  "fields": {
    "action_time": "2016-08-28T08:27:27Z",
    "user": [
      "root"
    ],
    "content_type": [
      "edw",
      "term"
    ],
    "object_id": "8",
    "object_repr": "test4",
    "action_flag": 2,
    "change_message": "\u0418\u0437\u043c\u0435\u043d\u0435\u043d attributes \u0438 system_flags."
  }
},
{
  "model": "admin.logentry",
  "pk": 241,
  "fields": {
    "action_time": "2016-08-28T08:28:04Z",
    "user": [
      "root"
    ],
    "content_type": [
      "edw",
      "term"
    ],
    "object_id": "8",
    "object_repr": "test4",
    "action_flag": 2,
    "change_message": "\u0418\u0437\u043c\u0435\u043d\u0435\u043d attributes \u0438 system_flags."
  }
},
{
  "model": "admin.logentry",
  "pk": 242,
  "fields": {
    "action_time": "2016-08-28T08:28:57Z",
    "user": [
      "root"
    ],
    "content_type": [
      "edw",
      "childbook"
    ],
    "object_id": "3",
    "object_repr": "\u041c\u0443\u043c\u0443",
    "action_flag": 2,
    "change_message": "\u0414\u043e\u0431\u0430\u0432\u043b\u0435\u043d \u0434\u043e\u043f\u043e\u043b\u043d\u0438\u0442\u0435\u043b\u044c\u043d\u0430\u044f \u0445\u0430\u0440\u0430\u043a\u0442\u0435\u0440\u0438\u0441\u0442\u0438\u043a\u0430 \u0438\u043b\u0438 \u043c\u0435\u0442\u043a\u0430 \"\u0422\u0435\u0440\u043c \u21162: additional val2\"."
  }
},
{
  "model": "admin.logentry",
  "pk": 243,
  "fields": {
    "action_time": "2016-08-28T08:29:51Z",
    "user": [
      "root"
    ],
    "content_type": [
      "edw",
      "adultbook"
    ],
    "object_id": "2",
    "object_repr": "Hastler1",
    "action_flag": 2,
    "change_message": "\u0418\u0437\u043c\u0435\u043d\u0435\u043d terms."
  }
},
{
  "model": "admin.logentry",
  "pk": 244,
  "fields": {
    "action_time": "2016-08-28T08:49:57Z",
    "user": [
      "root"
    ],
    "content_type": [
      "edw",
      "adultbook"
    ],
    "object_id": "2",
    "object_repr": "Hastler1",
    "action_flag": 2,
    "change_message": "\u0418\u0437\u043c\u0435\u043d\u0435\u043d\u044b view_class \u0434\u043b\u044f \u0434\u043e\u043f\u043e\u043b\u043d\u0438\u0442\u0435\u043b\u044c\u043d\u0430\u044f \u0445\u0430\u0440\u0430\u043a\u0442\u0435\u0440\u0438\u0441\u0442\u0438\u043a\u0430 \u0438\u043b\u0438 \u043c\u0435\u0442\u043a\u0430 \"test4: additional value\"."
  }
},
{
  "model": "admin.logentry",
  "pk": 245,
  "fields": {
    "action_time": "2016-08-28T08:49:58Z",
    "user": [
      "root"
    ],
    "content_type": [
      "edw",
      "adultbook"
    ],
    "object_id": "2",
    "object_repr": "Hastler1",
    "action_flag": 2,
    "change_message": "\u041d\u0438 \u043e\u0434\u043d\u043e \u043f\u043e\u043b\u0435 \u043d\u0435 \u0438\u0437\u043c\u0435\u043d\u0435\u043d\u043e."
  }
},
{
  "model": "admin.logentry",
  "pk": 246,
  "fields": {
    "action_time": "2016-08-28T10:08:37Z",
    "user": [
      "root"
    ],
    "content_type": [
      "edw",
      "childbook"
    ],
    "object_id": "1",
    "object_repr": "Book1",
    "action_flag": 2,
    "change_message": "\u0418\u0437\u043c\u0435\u043d\u0435\u043d terms."
  }
},
{
  "model": "admin.logentry",
  "pk": 247,
  "fields": {
    "action_time": "2016-08-29T12:05:05Z",
    "user": [
      "root"
    ],
    "content_type": [
      "edw",
      "term"
    ],
    "object_id": "2",
    "object_repr": "\u0422\u0435\u0440\u043c \u21162",
    "action_flag": 2,
    "change_message": "\u0418\u0437\u043c\u0435\u043d\u0435\u043d attributes, view_class \u0438 system_flags."
  }
},
{
  "model": "admin.logentry",
  "pk": 248,
  "fields": {
    "action_time": "2016-08-30T09:59:05Z",
    "user": [
      "root"
    ],
    "content_type": [
      "edw",
      "term"
    ],
    "object_id": "5",
    "object_repr": "Term2_2",
    "action_flag": 2,
    "change_message": "\u0418\u0437\u043c\u0435\u043d\u0435\u043d attributes \u0438 system_flags."
  }
},
{
  "model": "admin.logentry",
  "pk": 249,
  "fields": {
    "action_time": "2016-08-30T10:04:17Z",
    "user": [
      "root"
    ],
    "content_type": [
      "edw",
      "term"
    ],
    "object_id": "5",
    "object_repr": "Term2_2",
    "action_flag": 2,
    "change_message": "\u0418\u0437\u043c\u0435\u043d\u0435\u043d attributes \u0438 system_flags."
  }
},
{
  "model": "admin.logentry",
  "pk": 250,
  "fields": {
    "action_time": "2016-08-30T10:11:36Z",
    "user": [
      "root"
    ],
    "content_type": [
      "edw",
      "term"
    ],
    "object_id": "5",
    "object_repr": "Term2_2",
    "action_flag": 2,
    "change_message": "\u0418\u0437\u043c\u0435\u043d\u0435\u043d attributes \u0438 system_flags."
  }
},
{
  "model": "admin.logentry",
  "pk": 251,
  "fields": {
    "action_time": "2016-08-30T10:13:45Z",
    "user": [
      "root"
    ],
    "content_type": [
      "edw",
      "term"
    ],
    "object_id": "5",
    "object_repr": "Term2_2",
    "action_flag": 2,
    "change_message": "\u0418\u0437\u043c\u0435\u043d\u0435\u043d attributes \u0438 system_flags."
  }
},
{
  "model": "admin.logentry",
  "pk": 252,
  "fields": {
    "action_time": "2016-08-30T10:18:15Z",
    "user": [
      "root"
    ],
    "content_type": [
      "edw",
      "term"
    ],
    "object_id": "5",
    "object_repr": "Term2_2",
    "action_flag": 2,
    "change_message": "\u0418\u0437\u043c\u0435\u043d\u0435\u043d attributes \u0438 system_flags."
  }
},
{
  "model": "admin.logentry",
  "pk": 253,
  "fields": {
    "action_time": "2016-08-30T10:29:49Z",
    "user": [
      "root"
    ],
    "content_type": [
      "edw",
      "term"
    ],
    "object_id": "5",
    "object_repr": "Term2_2",
    "action_flag": 2,
    "change_message": "\u0418\u0437\u043c\u0435\u043d\u0435\u043d attributes \u0438 system_flags."
  }
},
{
  "model": "admin.logentry",
  "pk": 254,
  "fields": {
    "action_time": "2016-08-30T10:30:26Z",
    "user": [
      "root"
    ],
    "content_type": [
      "edw",
      "term"
    ],
    "object_id": "5",
    "object_repr": "Term2_2",
    "action_flag": 2,
    "change_message": "\u0418\u0437\u043c\u0435\u043d\u0435\u043d attributes \u0438 system_flags."
  }
},
{
  "model": "admin.logentry",
  "pk": 255,
  "fields": {
    "action_time": "2016-08-30T17:08:38Z",
    "user": [
      "root"
    ],
    "content_type": [
      "edw",
      "term"
    ],
    "object_id": "5",
    "object_repr": "Term2_2",
    "action_flag": 2,
    "change_message": "\u0418\u0437\u043c\u0435\u043d\u0435\u043d parent, attributes \u0438 system_flags."
  }
},
{
  "model": "admin.logentry",
  "pk": 256,
  "fields": {
    "action_time": "2016-08-30T17:09:07Z",
    "user": [
      "root"
    ],
    "content_type": [
      "edw",
      "term"
    ],
    "object_id": "5",
    "object_repr": "Term2_2",
    "action_flag": 2,
    "change_message": "\u0418\u0437\u043c\u0435\u043d\u0435\u043d parent, attributes \u0438 system_flags."
  }
},
{
  "model": "admin.logentry",
  "pk": 257,
  "fields": {
    "action_time": "2016-08-30T17:09:42Z",
    "user": [
      "root"
    ],
    "content_type": [
      "edw",
      "term"
    ],
    "object_id": "2",
    "object_repr": "\u0422\u0435\u0440\u043c \u21162",
    "action_flag": 2,
    "change_message": "\u0418\u0437\u043c\u0435\u043d\u0435\u043d attributes \u0438 system_flags."
  }
},
{
  "model": "filer.file",
  "pk": 1,
  "fields": {
    "polymorphic_ctype": [
      "filer",
      "image"
    ],
    "folder": null,
    "file": "filer_public/9a/ff/9aff4ad6-7bb9-4ab9-934a-d426853f921f/2.png",
    "_file_size": 6205,
    "sha1": "d165dbd9c35fa8df1140cace008bb770765f1f6a",
    "has_all_mandatory_data": false,
    "original_filename": "2.png",
    "name": "",
    "description": null,
    "owner": [
      "root"
    ],
    "uploaded_at": "2016-06-28T11:16:26Z",
    "modified_at": "2016-06-28T11:16:26Z",
    "is_public": true
  }
},
{
  "model": "filer.image",
  "pk": 1,
  "fields": {
    "_height": 112,
    "_width": 200,
    "default_alt_text": null,
    "default_caption": null,
    "subject_location": "",
    "date_taken": "2016-06-28T11:16:26Z",
    "author": null,
    "must_always_publish_author_credit": false,
    "must_always_publish_copyright": false
  }
},
{
  "model": "edw.customer",
  "pk": 1,
  "fields": {
    "recognized": 2,
    "salutation": "",
    "last_access": "2016-08-30T20:56:53.384Z",
    "extra": "{}",
    "number": null
  }
}
]
